time_utc,source_forecast_date,decision_time_utc,weather_run_turbine_1_utc,weather_run_turbine_2_utc,training_cutoff_inclusive,turbine_1_normalized_power,turbine_2_normalized_power,farm_equal_capacity_mean_normalized_power
2026-02-01T00:00:00Z,2026-01-31,2026-01-31T06:00:00Z,2026-01-30T18:00:00Z,2026-01-30T18:00:00Z,2026-01-30,0.010545,0.0102,0.010372
2026-02-01T01:00:00Z,2026-01-31,2026-01-31T06:00:00Z,2026-01-30T18:00:00Z,2026-01-30T18:00:00Z,2026-01-30,0.011965,0.011361,0.011663
2026-02-01T02:00:00Z,2026-01-31,2026-01-31T06:00:00Z,2026-01-30T18:00:00Z,2026-01-30T18:00:00Z,2026-01-30,0.012344,0.011703,0.012023
2026-02-01T03:00:00Z,2026-01-31,2026-01-31T06:00:00Z,2026-01-30T18:00:00Z,2026-01-30T18:00:00Z,2026-01-30,0.030611,0.028865,0.029738
2026-02-01T04:00:00Z,2026-01-31,2026-01-31T06:00:00Z,2026-01-30T18:00:00Z,2026-01-30T18:00:00Z,2026-01-30,0.06211,0.058702,0.060406
2026-02-01T05:00:00Z,2026-01-31,2026-01-31T06:00:00Z,2026-01-30T18:00:00Z,2026-01-30T18:00:00Z,2026-01-30,0.040364,0.038041,0.039203
2026-02-01T06:00:00Z,2026-02-01,2026-02-01T06:00:00Z,2026-01-31T18:00:00Z,2026-01-31T18:00:00Z,2026-01-31,0.067585,0.063936,0.06576
2026-02-01T07:00:00Z,2026-02-01,2026-02-01T06:00:00Z,2026-01-31T18:00:00Z,2026-01-31T18:00:00Z,2026-01-31,0.039534,0.03726,0.038397
2026-02-01T08:00:00Z,2026-02-01,2026-02-01T06:00:00Z,2026-01-31T18:00:00Z,2026-01-31T18:00:00Z,2026-01-31,0.048708,0.045942,0.047325
2026-02-01T09:00:00Z,2026-02-01,2026-02-01T06:00:00Z,2026-01-31T18:00:00Z,2026-01-31T18:00:00Z,2026-01-31,0.085197,0.080866,0.083031
2026-02-01T10:00:00Z,2026-02-01,2026-02-01T06:00:00Z,2026-01-31T18:00:00Z,2026-01-31T18:00:00Z,2026-01-31,0.081087,0.076915,0.079001
2026-02-01T11:00:00Z,2026-02-01,2026-02-01T06:00:00Z,2026-01-31T18:00:00Z,2026-01-31T18:00:00Z,2026-01-31,0.165233,0.157907,0.16157
2026-02-01T12:00:00Z,2026-02-01,2026-02-01T06:00:00Z,2026-01-31T18:00:00Z,2026-01-31T18:00:00Z,2026-01-31,0.148551,0.141825,0.145188
2026-02-01T13:00:00Z,2026-02-01,2026-02-01T06:00:00Z,2026-01-31T18:00:00Z,2026-01-31T18:00:00Z,2026-01-31,0.168262,0.160839,0.16455
2026-02-01T14:00:00Z,2026-02-01,2026-02-01T06:00:00Z,2026-01-31T18:00:00Z,2026-01-31T18:00:00Z,2026-01-31,0.175329,0.167681,0.171505
2026-02-01T15:00:00Z,2026-02-01,2026-02-01T06:00:00Z,2026-01-31T18:00:00Z,2026-01-31T18:00:00Z,2026-01-31,0.17331,0.165726,0.169518
2026-02-01T16:00:00Z,2026-02-01,2026-02-01T06:00:00Z,2026-01-31T18:00:00Z,2026-01-31T18:00:00Z,2026-01-31,0.175329,0.167681,0.171505
2026-02-01T17:00:00Z,2026-02-01,2026-02-01T06:00:00Z,2026-01-31T18:00:00Z,2026-01-31T18:00:00Z,2026-01-31,0.186435,0.178431,0.182433
2026-02-01T18:00:00Z,2026-02-01,2026-02-01T06:00:00Z,2026-01-31T18:00:00Z,2026-01-31T18:00:00Z,2026-01-31,0.241133,0.231479,0.236306
2026-02-01T19:00:00Z,2026-02-01,2026-02-01T06:00:00Z,2026-01-31T18:00:00Z,2026-01-31T18:00:00Z,2026-01-31,0.350053,0.338164,0.344109
2026-02-01T20:00:00Z,2026-02-01,2026-02-01T06:00:00Z,2026-01-31T18:00:00Z,2026-01-31T18:00:00Z,2026-01-31,0.396752,0.384358,0.390555
2026-02-01T21:00:00Z,2026-02-01,2026-02-01T06:00:00Z,2026-01-31T18:00:00Z,2026-01-31T18:00:00Z,2026-01-31,0.395213,0.382828,0.38902
2026-02-01T22:00:00Z,2026-02-01,2026-02-01T06:00:00Z,2026-01-31T18:00:00Z,2026-01-31T18:00:00Z,2026-01-31,0.360143,0.348132,0.354137
2026-02-01T23:00:00Z,2026-02-01,2026-02-01T06:00:00Z,2026-01-31T18:00:00Z,2026-01-31T18:00:00Z,2026-01-31,0.363026,0.350981,0.357004
2026-02-02T00:00:00Z,2026-02-01,2026-02-01T06:00:00Z,2026-01-31T18:00:00Z,2026-01-31T18:00:00Z,2026-01-31,0.329873,0.318227,0.32405
2026-02-02T01:00:00Z,2026-02-01,2026-02-01T06:00:00Z,2026-01-31T18:00:00Z,2026-01-31T18:00:00Z,2026-01-31,0.339963,0.328196,0.334079
2026-02-02T02:00:00Z,2026-02-01,2026-02-01T06:00:00Z,2026-01-31T18:00:00Z,2026-01-31T18:00:00Z,2026-01-31,0.402906,0.390477,0.396691
2026-02-02T03:00:00Z,2026-02-01,2026-02-01T06:00:00Z,2026-01-31T18:00:00Z,2026-01-31T18:00:00Z,2026-01-31,0.392137,0.379769,0.385953
2026-02-02T04:00:00Z,2026-02-01,2026-02-01T06:00:00Z,2026-01-31T18:00:00Z,2026-01-31T18:00:00Z,2026-01-31,0.529852,0.516998,0.523425
2026-02-02T05:00:00Z,2026-02-01,2026-02-01T06:00:00Z,2026-01-31T18:00:00Z,2026-01-31T18:00:00Z,2026-01-31,0.427521,0.414952,0.421237
2026-02-02T06:00:00Z,2026-02-02,2026-02-02T06:00:00Z,2026-02-01T18:00:00Z,2026-02-01T18:00:00Z,2026-01-31,0.672918,0.658753,0.665836
2026-02-02T07:00:00Z,2026-02-02,2026-02-02T06:00:00Z,2026-02-01T18:00:00Z,2026-02-01T18:00:00Z,2026-01-31,0.772198,0.759799,0.765999
2026-02-02T08:00:00Z,2026-02-02,2026-02-02T06:00:00Z,2026-02-01T18:00:00Z,2026-02-01T18:00:00Z,2026-01-31,0.861293,0.853339,0.857316
2026-02-02T09:00:00Z,2026-02-02,2026-02-02T06:00:00Z,2026-02-01T18:00:00Z,2026-02-01T18:00:00Z,2026-01-31,0.825465,0.815963,0.820714
2026-02-02T10:00:00Z,2026-02-02,2026-02-02T06:00:00Z,2026-02-01T18:00:00Z,2026-02-01T18:00:00Z,2026-01-31,0.724628,0.710987,0.717808
2026-02-02T11:00:00Z,2026-02-02,2026-02-02T06:00:00Z,2026-02-01T18:00:00Z,2026-02-01T18:00:00Z,2026-01-31,0.657232,0.64324,0.650236
2026-02-02T12:00:00Z,2026-02-02,2026-02-02T06:00:00Z,2026-02-01T18:00:00Z,2026-02-01T18:00:00Z,2026-01-31,0.407521,0.395066,0.401293
2026-02-02T13:00:00Z,2026-02-02,2026-02-02T06:00:00Z,2026-02-01T18:00:00Z,2026-02-01T18:00:00Z,2026-01-31,0.157199,0.150158,0.153678
2026-02-02T14:00:00Z,2026-02-02,2026-02-02T06:00:00Z,2026-02-01T18:00:00Z,2026-02-01T18:00:00Z,2026-01-31,0.018921,0.017851,0.018386
2026-02-02T15:00:00Z,2026-02-02,2026-02-02T06:00:00Z,2026-02-01T18:00:00Z,2026-02-01T18:00:00Z,2026-01-31,0.015048,0.014195,0.014621
2026-02-02T16:00:00Z,2026-02-02,2026-02-02T06:00:00Z,2026-02-01T18:00:00Z,2026-02-01T18:00:00Z,2026-01-31,0.023989,0.022628,0.023308
2026-02-02T17:00:00Z,2026-02-02,2026-02-02T06:00:00Z,2026-02-01T18:00:00Z,2026-02-01T18:00:00Z,2026-01-31,0.04246,0.040012,0.041236
2026-02-02T18:00:00Z,2026-02-02,2026-02-02T06:00:00Z,2026-02-01T18:00:00Z,2026-02-01T18:00:00Z,2026-01-31,0.098979,0.094114,0.096547
2026-02-02T19:00:00Z,2026-02-02,2026-02-02T06:00:00Z,2026-02-01T18:00:00Z,2026-02-01T18:00:00Z,2026-01-31,0.205617,0.197001,0.201309
2026-02-02T20:00:00Z,2026-02-02,2026-02-02T06:00:00Z,2026-02-01T18:00:00Z,2026-02-01T18:00:00Z,2026-01-31,0.310772,0.299464,0.305118
2026-02-02T21:00:00Z,2026-02-02,2026-02-02T06:00:00Z,2026-02-01T18:00:00Z,2026-02-01T18:00:00Z,2026-01-31,0.370233,0.358101,0.364167
2026-02-02T22:00:00Z,2026-02-02,2026-02-02T06:00:00Z,2026-02-01T18:00:00Z,2026-02-01T18:00:00Z,2026-01-31,0.37744,0.365221,0.371331
2026-02-02T23:00:00Z,2026-02-02,2026-02-02T06:00:00Z,2026-02-01T18:00:00Z,2026-02-01T18:00:00Z,2026-01-31,0.378881,0.366645,0.372763
2026-02-03T00:00:00Z,2026-02-02,2026-02-02T06:00:00Z,2026-02-01T18:00:00Z,2026-02-01T18:00:00Z,2026-01-31,0.306823,0.295599,0.301211
2026-02-03T01:00:00Z,2026-02-02,2026-02-02T06:00:00Z,2026-02-01T18:00:00Z,2026-02-01T18:00:00Z,2026-01-31,0.242297,0.23261,0.237454
2026-02-03T02:00:00Z,2026-02-02,2026-02-02T06:00:00Z,2026-02-01T18:00:00Z,2026-02-01T18:00:00Z,2026-01-31,0.210862,0.202083,0.206473
2026-02-03T03:00:00Z,2026-02-02,2026-02-02T06:00:00Z,2026-02-01T18:00:00Z,2026-02-01T18:00:00Z,2026-01-31,0.04181,0.0394,0.040605
2026-02-03T04:00:00Z,2026-02-02,2026-02-02T06:00:00Z,2026-02-01T18:00:00Z,2026-02-01T18:00:00Z,2026-01-31,0.011839,0.011253,0.011546
2026-02-03T05:00:00Z,2026-02-02,2026-02-02T06:00:00Z,2026-02-01T18:00:00Z,2026-02-01T18:00:00Z,2026-01-31,0.060086,0.056771,0.058429
2026-02-03T06:00:00Z,2026-02-03,2026-02-03T06:00:00Z,2026-02-02T18:00:00Z,2026-02-02T18:00:00Z,2026-01-31,0.02872,0.027087,0.027903
2026-02-03T07:00:00Z,2026-02-03,2026-02-03T06:00:00Z,2026-02-02T18:00:00Z,2026-02-02T18:00:00Z,2026-01-31,0.126065,0.120158,0.123112
2026-02-03T08:00:00Z,2026-02-03,2026-02-03T06:00:00Z,2026-02-02T18:00:00Z,2026-02-02T18:00:00Z,2026-01-31,0.183406,0.175499,0.179453
2026-02-03T09:00:00Z,2026-02-03,2026-02-03T06:00:00Z,2026-02-02T18:00:00Z,2026-02-02T18:00:00Z,2026-01-31,0.193502,0.185273,0.189387
2026-02-03T10:00:00Z,2026-02-03,2026-02-03T06:00:00Z,2026-02-02T18:00:00Z,2026-02-02T18:00:00Z,2026-01-31,0.104045,0.098985,0.101515
2026-02-03T11:00:00Z,2026-02-03,2026-02-03T06:00:00Z,2026-02-02T18:00:00Z,2026-02-02T18:00:00Z,2026-01-31,0.084023,0.079737,0.08188
2026-02-03T12:00:00Z,2026-02-03,2026-02-03T06:00:00Z,2026-02-02T18:00:00Z,2026-02-02T18:00:00Z,2026-01-31,0.122138,0.116379,0.119258
2026-02-03T13:00:00Z,2026-02-03,2026-02-03T06:00:00Z,2026-02-02T18:00:00Z,2026-02-02T18:00:00Z,2026-01-31,0.227161,0.217912,0.222536
2026-02-03T14:00:00Z,2026-02-03,2026-02-03T06:00:00Z,2026-02-02T18:00:00Z,2026-02-02T18:00:00Z,2026-01-31,0.301557,0.290447,0.296002
2026-02-03T15:00:00Z,2026-02-03,2026-02-03T06:00:00Z,2026-02-02T18:00:00Z,2026-02-02T18:00:00Z,2026-01-31,0.422906,0.410363,0.416635
2026-02-03T16:00:00Z,2026-02-03,2026-02-03T06:00:00Z,2026-02-02T18:00:00Z,2026-02-02T18:00:00Z,2026-01-31,0.450598,0.437898,0.444248
2026-02-03T17:00:00Z,2026-02-03,2026-02-03T06:00:00Z,2026-02-02T18:00:00Z,2026-02-02T18:00:00Z,2026-01-31,0.54345,0.530501,0.536976
2026-02-03T18:00:00Z,2026-02-03,2026-02-03T06:00:00Z,2026-02-02T18:00:00Z,2026-02-02T18:00:00Z,2026-01-31,0.38906,0.37671,0.382885
2026-02-03T19:00:00Z,2026-02-03,2026-02-03T06:00:00Z,2026-02-02T18:00:00Z,2026-02-02T18:00:00Z,2026-01-31,0.344287,0.332468,0.338377
2026-02-03T20:00:00Z,2026-02-03,2026-02-03T06:00:00Z,2026-02-02T18:00:00Z,2026-02-02T18:00:00Z,2026-01-31,0.489214,0.476425,0.482819
2026-02-03T21:00:00Z,2026-02-03,2026-02-03T06:00:00Z,2026-02-02T18:00:00Z,2026-02-02T18:00:00Z,2026-01-31,0.371674,0.359525,0.365599
2026-02-03T22:00:00Z,2026-02-03,2026-02-03T06:00:00Z,2026-02-02T18:00:00Z,2026-02-02T18:00:00Z,2026-01-31,0.355819,0.34386,0.349839
2026-02-03T23:00:00Z,2026-02-03,2026-02-03T06:00:00Z,2026-02-02T18:00:00Z,2026-02-02T18:00:00Z,2026-01-31,0.325549,0.313955,0.319752
2026-02-04T00:00:00Z,2026-02-03,2026-02-03T06:00:00Z,2026-02-02T18:00:00Z,2026-02-02T18:00:00Z,2026-01-31,0.331315,0.319651,0.325483
2026-02-04T01:00:00Z,2026-02-03,2026-02-03T06:00:00Z,2026-02-02T18:00:00Z,2026-02-02T18:00:00Z,2026-01-31,0.351495,0.339588,0.345542
2026-02-04T02:00:00Z,2026-02-03,2026-02-03T06:00:00Z,2026-02-02T18:00:00Z,2026-02-02T18:00:00Z,2026-01-31,0.395213,0.382828,0.38902
2026-02-04T03:00:00Z,2026-02-03,2026-02-03T06:00:00Z,2026-02-02T18:00:00Z,2026-02-02T18:00:00Z,2026-01-31,0.32699,0.315379,0.321184
2026-02-04T04:00:00Z,2026-02-03,2026-02-03T06:00:00Z,2026-02-02T18:00:00Z,2026-02-02T18:00:00Z,2026-01-31,0.280493,0.269836,0.275165
2026-02-04T05:00:00Z,2026-02-03,2026-02-03T06:00:00Z,2026-02-02T18:00:00Z,2026-02-02T18:00:00Z,2026-01-31,0.191483,0.183318,0.1874
2026-02-04T06:00:00Z,2026-02-04,2026-02-04T06:00:00Z,2026-02-03T18:00:00Z,2026-02-03T18:00:00Z,2026-01-31,0.38753,0.37519,0.38136
2026-02-04T07:00:00Z,2026-02-04,2026-02-04T06:00:00Z,2026-02-03T18:00:00Z,2026-02-03T18:00:00Z,2026-01-31,0.22949,0.220173,0.224832
2026-02-04T08:00:00Z,2026-02-04,2026-02-04T06:00:00Z,2026-02-03T18:00:00Z,2026-02-03T18:00:00Z,2026-01-31,0.130389,0.124325,0.127357
2026-02-04T09:00:00Z,2026-02-04,2026-02-04T06:00:00Z,2026-02-03T18:00:00Z,2026-02-03T18:00:00Z,2026-01-31,0.107664,0.102464,0.105064
2026-02-04T10:00:00Z,2026-02-04,2026-02-04T06:00:00Z,2026-02-03T18:00:00Z,2026-02-03T18:00:00Z,2026-01-31,0.075217,0.071272,0.073245
2026-02-04T11:00:00Z,2026-02-04,2026-02-04T06:00:00Z,2026-02-03T18:00:00Z,2026-02-03T18:00:00Z,2026-01-31,0.025634,0.024179,0.024906
2026-02-04T12:00:00Z,2026-02-04,2026-02-04T06:00:00Z,2026-02-03T18:00:00Z,2026-02-03T18:00:00Z,2026-01-31,0.021726,0.020495,0.02111
2026-02-04T13:00:00Z,2026-02-04,2026-02-04T06:00:00Z,2026-02-03T18:00:00Z,2026-02-03T18:00:00Z,2026-01-31,0.011319,0.010814,0.011066
2026-02-04T14:00:00Z,2026-02-04,2026-02-04T06:00:00Z,2026-02-03T18:00:00Z,2026-02-03T18:00:00Z,2026-01-31,0.111282,0.105943,0.108613
2026-02-04T15:00:00Z,2026-02-04,2026-02-04T06:00:00Z,2026-02-03T18:00:00Z,2026-02-03T18:00:00Z,2026-01-31,0.294974,0.284006,0.28949
2026-02-04T16:00:00Z,2026-02-04,2026-02-04T06:00:00Z,2026-02-03T18:00:00Z,2026-02-03T18:00:00Z,2026-01-31,0.422906,0.410363,0.416635
2026-02-04T17:00:00Z,2026-02-04,2026-02-04T06:00:00Z,2026-02-03T18:00:00Z,2026-02-03T18:00:00Z,2026-01-31,0.444444,0.431779,0.438111
2026-02-04T18:00:00Z,2026-02-04,2026-02-04T06:00:00Z,2026-02-03T18:00:00Z,2026-02-03T18:00:00Z,2026-01-31,0.553713,0.540684,0.547199
2026-02-04T19:00:00Z,2026-02-04,2026-02-04T06:00:00Z,2026-02-03T18:00:00Z,2026-02-03T18:00:00Z,2026-01-31,0.706611,0.692623,0.699617
2026-02-04T20:00:00Z,2026-02-04,2026-02-04T06:00:00Z,2026-02-03T18:00:00Z,2026-02-03T18:00:00Z,2026-01-31,0.79743,0.786403,0.791916
2026-02-04T21:00:00Z,2026-02-04,2026-02-04T06:00:00Z,2026-02-03T18:00:00Z,2026-02-03T18:00:00Z,2026-01-31,0.87019,0.862618,0.866404
2026-02-04T22:00:00Z,2026-02-04,2026-02-04T06:00:00Z,2026-02-03T18:00:00Z,2026-02-03T18:00:00Z,2026-01-31,0.901449,0.894328,0.897888
2026-02-04T23:00:00Z,2026-02-04,2026-02-04T06:00:00Z,2026-02-03T18:00:00Z,2026-02-03T18:00:00Z,2026-01-31,0.924181,0.917219,0.9207
2026-02-05T00:00:00Z,2026-02-04,2026-02-04T06:00:00Z,2026-02-03T18:00:00Z,2026-02-03T18:00:00Z,2026-01-31,0.919853,0.912857,0.916355
2026-02-05T01:00:00Z,2026-02-04,2026-02-04T06:00:00Z,2026-02-03T18:00:00Z,2026-02-03T18:00:00Z,2026-01-31,0.946859,0.940564,0.943712
2026-02-05T02:00:00Z,2026-02-04,2026-02-04T06:00:00Z,2026-02-03T18:00:00Z,2026-02-03T18:00:00Z,2026-01-31,0.959354,0.954188,0.956771
2026-02-05T03:00:00Z,2026-02-04,2026-02-04T06:00:00Z,2026-02-03T18:00:00Z,2026-02-03T18:00:00Z,2026-01-31,0.945895,0.939534,0.942715
2026-02-05T04:00:00Z,2026-02-04,2026-02-04T06:00:00Z,2026-02-03T18:00:00Z,2026-02-03T18:00:00Z,2026-01-31,0.903082,0.895972,0.899527
2026-02-05T05:00:00Z,2026-02-04,2026-02-04T06:00:00Z,2026-02-03T18:00:00Z,2026-02-03T18:00:00Z,2026-01-31,0.922017,0.915038,0.918527
2026-02-05T06:00:00Z,2026-02-05,2026-02-05T06:00:00Z,2026-02-04T18:00:00Z,2026-02-04T18:00:00Z,2026-01-31,0.955185,0.949542,0.952363
2026-02-05T07:00:00Z,2026-02-05,2026-02-05T06:00:00Z,2026-02-04T18:00:00Z,2026-02-04T18:00:00Z,2026-01-31,0.954098,0.94833,0.951214
2026-02-05T08:00:00Z,2026-02-05,2026-02-05T06:00:00Z,2026-02-04T18:00:00Z,2026-02-04T18:00:00Z,2026-01-31,0.909617,0.902548,0.906083
2026-02-05T09:00:00Z,2026-02-05,2026-02-05T06:00:00Z,2026-02-04T18:00:00Z,2026-02-04T18:00:00Z,2026-01-31,0.808644,0.798227,0.803435
2026-02-05T10:00:00Z,2026-02-05,2026-02-05T06:00:00Z,2026-02-04T18:00:00Z,2026-02-04T18:00:00Z,2026-01-31,0.58108,0.567838,0.574459
2026-02-05T11:00:00Z,2026-02-05,2026-02-05T06:00:00Z,2026-02-04T18:00:00Z,2026-02-04T18:00:00Z,2026-01-31,0.586211,0.57293,0.57957
2026-02-05T12:00:00Z,2026-02-05,2026-02-05T06:00:00Z,2026-02-04T18:00:00Z,2026-02-04T18:00:00Z,2026-01-31,0.444444,0.431779,0.438111
2026-02-05T13:00:00Z,2026-02-05,2026-02-05T06:00:00Z,2026-02-04T18:00:00Z,2026-02-04T18:00:00Z,2026-01-31,0.390598,0.378239,0.384418
2026-02-05T14:00:00Z,2026-02-05,2026-02-05T06:00:00Z,2026-02-04T18:00:00Z,2026-02-04T18:00:00Z,2026-01-31,0.461581,0.448835,0.455208
2026-02-05T15:00:00Z,2026-02-05,2026-02-05T06:00:00Z,2026-02-04T18:00:00Z,2026-02-04T18:00:00Z,2026-01-31,0.439829,0.42719,0.433509
2026-02-05T16:00:00Z,2026-02-05,2026-02-05T06:00:00Z,2026-02-04T18:00:00Z,2026-02-04T18:00:00Z,2026-01-31,0.413675,0.401185,0.40743
2026-02-05T17:00:00Z,2026-02-05,2026-02-05T06:00:00Z,2026-02-04T18:00:00Z,2026-02-04T18:00:00Z,2026-01-31,0.424444,0.411893,0.418168
2026-02-05T18:00:00Z,2026-02-05,2026-02-05T06:00:00Z,2026-02-04T18:00:00Z,2026-02-04T18:00:00Z,2026-01-31,0.384647,0.372341,0.378494
2026-02-05T19:00:00Z,2026-02-05,2026-02-05T06:00:00Z,2026-02-04T18:00:00Z,2026-02-04T18:00:00Z,2026-01-31,0.328432,0.316803,0.322618
2026-02-05T20:00:00Z,2026-02-05,2026-02-05T06:00:00Z,2026-02-04T18:00:00Z,2026-02-04T18:00:00Z,2026-01-31,0.239968,0.230349,0.235158
2026-02-05T21:00:00Z,2026-02-05,2026-02-05T06:00:00Z,2026-02-04T18:00:00Z,2026-02-04T18:00:00Z,2026-01-31,0.19855,0.19016,0.194355
2026-02-05T22:00:00Z,2026-02-05,2026-02-05T06:00:00Z,2026-02-04T18:00:00Z,2026-02-04T18:00:00Z,2026-01-31,0.159794,0.152658,0.156226
2026-02-05T23:00:00Z,2026-02-05,2026-02-05T06:00:00Z,2026-02-04T18:00:00Z,2026-02-04T18:00:00Z,2026-01-31,0.046432,0.043776,0.045104
2026-02-06T00:00:00Z,2026-02-05,2026-02-05T06:00:00Z,2026-02-04T18:00:00Z,2026-02-04T18:00:00Z,2026-01-31,0.034333,0.032367,0.03335
2026-02-06T01:00:00Z,2026-02-05,2026-02-05T06:00:00Z,2026-02-04T18:00:00Z,2026-02-04T18:00:00Z,2026-01-31,0.227161,0.217912,0.222536
2026-02-06T02:00:00Z,2026-02-05,2026-02-05T06:00:00Z,2026-02-04T18:00:00Z,2026-02-04T18:00:00Z,2026-01-31,0.381764,0.369493,0.375629
2026-02-06T03:00:00Z,2026-02-05,2026-02-05T06:00:00Z,2026-02-04T18:00:00Z,2026-02-04T18:00:00Z,2026-01-31,0.253939,0.243916,0.248928
2026-02-06T04:00:00Z,2026-02-05,2026-02-05T06:00:00Z,2026-02-04T18:00:00Z,2026-02-04T18:00:00Z,2026-01-31,0.084023,0.079737,0.08188
2026-02-06T05:00:00Z,2026-02-05,2026-02-05T06:00:00Z,2026-02-04T18:00:00Z,2026-02-04T18:00:00Z,2026-01-31,0.072281,0.06845,0.070365
2026-02-06T06:00:00Z,2026-02-06,2026-02-06T06:00:00Z,2026-02-05T18:00:00Z,2026-02-05T18:00:00Z,2026-01-31,0.064182,0.060669,0.062426
2026-02-06T07:00:00Z,2026-02-06,2026-02-06T06:00:00Z,2026-02-05T18:00:00Z,2026-02-05T18:00:00Z,2026-01-31,0.127795,0.121825,0.12481
2026-02-06T08:00:00Z,2026-02-06,2026-02-06T06:00:00Z,2026-02-05T18:00:00Z,2026-02-05T18:00:00Z,2026-01-31,0.907166,0.900082,0.903624
2026-02-06T09:00:00Z,2026-02-06,2026-02-06T06:00:00Z,2026-02-05T18:00:00Z,2026-02-05T18:00:00Z,2026-01-31,0.967883,0.962308,0.965096
2026-02-06T10:00:00Z,2026-02-06,2026-02-06T06:00:00Z,2026-02-05T18:00:00Z,2026-02-05T18:00:00Z,2026-01-31,0.967451,0.961245,0.964348
2026-02-06T11:00:00Z,2026-02-06,2026-02-06T06:00:00Z,2026-02-05T18:00:00Z,2026-02-05T18:00:00Z,2026-01-31,0.967901,0.954225,0.961063
2026-02-06T12:00:00Z,2026-02-06,2026-02-06T06:00:00Z,2026-02-05T18:00:00Z,2026-02-05T18:00:00Z,2026-01-31,0.9756,0.952253,0.963927
2026-02-06T13:00:00Z,2026-02-06,2026-02-06T06:00:00Z,2026-02-05T18:00:00Z,2026-02-05T18:00:00Z,2026-01-31,0.97549,0.9525,0.963995
2026-02-06T14:00:00Z,2026-02-06,2026-02-06T06:00:00Z,2026-02-05T18:00:00Z,2026-02-05T18:00:00Z,2026-01-31,0.967708,0.954552,0.96113
2026-02-06T15:00:00Z,2026-02-06,2026-02-06T06:00:00Z,2026-02-05T18:00:00Z,2026-02-05T18:00:00Z,2026-01-31,0.967875,0.962286,0.965081
2026-02-06T16:00:00Z,2026-02-06,2026-02-06T06:00:00Z,2026-02-05T18:00:00Z,2026-02-05T18:00:00Z,2026-01-31,0.963325,0.958469,0.960897
2026-02-06T17:00:00Z,2026-02-06,2026-02-06T06:00:00Z,2026-02-05T18:00:00Z,2026-02-05T18:00:00Z,2026-01-31,0.912884,0.905835,0.909359
2026-02-06T18:00:00Z,2026-02-06,2026-02-06T06:00:00Z,2026-02-05T18:00:00Z,2026-02-05T18:00:00Z,2026-01-31,0.579369,0.566141,0.572755
2026-02-06T19:00:00Z,2026-02-06,2026-02-06T06:00:00Z,2026-02-05T18:00:00Z,2026-02-05T18:00:00Z,2026-01-31,0.345729,0.333892,0.339811
2026-02-06T20:00:00Z,2026-02-06,2026-02-06T06:00:00Z,2026-02-05T18:00:00Z,2026-02-05T18:00:00Z,2026-01-31,0.27391,0.263395,0.268652
2026-02-06T21:00:00Z,2026-02-06,2026-02-06T06:00:00Z,2026-02-05T18:00:00Z,2026-02-05T18:00:00Z,2026-01-31,0.334197,0.322499,0.328348
2026-02-06T22:00:00Z,2026-02-06,2026-02-06T06:00:00Z,2026-02-05T18:00:00Z,2026-02-05T18:00:00Z,2026-01-31,0.312089,0.300752,0.30642
2026-02-06T23:00:00Z,2026-02-06,2026-02-06T06:00:00Z,2026-02-05T18:00:00Z,2026-02-05T18:00:00Z,2026-01-31,0.287075,0.276277,0.281676
2026-02-07T00:00:00Z,2026-02-06,2026-02-06T06:00:00Z,2026-02-05T18:00:00Z,2026-02-05T18:00:00Z,2026-01-31,0.238804,0.229218,0.234011
2026-02-07T01:00:00Z,2026-02-06,2026-02-06T06:00:00Z,2026-02-05T18:00:00Z,2026-02-05T18:00:00Z,2026-01-31,0.093913,0.089244,0.091579
2026-02-07T02:00:00Z,2026-02-06,2026-02-06T06:00:00Z,2026-02-05T18:00:00Z,2026-02-05T18:00:00Z,2026-01-31,0.015048,0.014195,0.014621
2026-02-07T03:00:00Z,2026-02-06,2026-02-06T06:00:00Z,2026-02-05T18:00:00Z,2026-02-05T18:00:00Z,2026-01-31,0.011137,0.010661,0.010899
2026-02-07T04:00:00Z,2026-02-06,2026-02-06T06:00:00Z,2026-02-05T18:00:00Z,2026-02-05T18:00:00Z,2026-01-31,0.013977,0.013201,0.013589
2026-02-07T05:00:00Z,2026-02-06,2026-02-06T06:00:00Z,2026-02-05T18:00:00Z,2026-02-05T18:00:00Z,2026-01-31,0.011839,0.011253,0.011546
2026-02-07T06:00:00Z,2026-02-07,2026-02-07T06:00:00Z,2026-02-06T18:00:00Z,2026-02-06T18:00:00Z,2026-01-31,0.224833,0.21565,0.220242
2026-02-07T07:00:00Z,2026-02-07,2026-02-07T06:00:00Z,2026-02-06T18:00:00Z,2026-02-06T18:00:00Z,2026-01-31,0.284442,0.273701,0.279072
2026-02-07T08:00:00Z,2026-02-07,2026-02-07T06:00:00Z,2026-02-06T18:00:00Z,2026-02-06T18:00:00Z,2026-01-31,0.235311,0.225826,0.230569
2026-02-07T09:00:00Z,2026-02-07,2026-02-07T06:00:00Z,2026-02-06T18:00:00Z,2026-02-06T18:00:00Z,2026-01-31,0.15201,0.145158,0.148584
2026-02-07T10:00:00Z,2026-02-07,2026-02-07T06:00:00Z,2026-02-06T18:00:00Z,2026-02-06T18:00:00Z,2026-01-31,0.088719,0.084252,0.086485
2026-02-07T11:00:00Z,2026-02-07,2026-02-07T06:00:00Z,2026-02-06T18:00:00Z,2026-02-06T18:00:00Z,2026-01-31,0.038559,0.036343,0.037451
2026-02-07T12:00:00Z,2026-02-07,2026-02-07T06:00:00Z,2026-02-06T18:00:00Z,2026-02-06T18:00:00Z,2026-01-31,0.010638,0.010266,0.010452
2026-02-07T13:00:00Z,2026-02-07,2026-02-07T06:00:00Z,2026-02-06T18:00:00Z,2026-02-06T18:00:00Z,2026-01-31,0.186435,0.178431,0.182433
2026-02-07T14:00:00Z,2026-02-07,2026-02-07T06:00:00Z,2026-02-06T18:00:00Z,2026-02-06T18:00:00Z,2026-01-31,0.472959,0.460195,0.466577
2026-02-07T15:00:00Z,2026-02-07,2026-02-07T06:00:00Z,2026-02-06T18:00:00Z,2026-02-06T18:00:00Z,2026-01-31,0.693508,0.679268,0.686388
2026-02-07T16:00:00Z,2026-02-07,2026-02-07T06:00:00Z,2026-02-06T18:00:00Z,2026-02-06T18:00:00Z,2026-01-31,0.755748,0.742705,0.749227
2026-02-07T17:00:00Z,2026-02-07,2026-02-07T06:00:00Z,2026-02-06T18:00:00Z,2026-02-06T18:00:00Z,2026-01-31,0.923099,0.916129,0.919614
2026-02-07T18:00:00Z,2026-02-07,2026-02-07T06:00:00Z,2026-02-06T18:00:00Z,2026-02-06T18:00:00Z,2026-01-31,0.951035,0.945028,0.948031
2026-02-07T19:00:00Z,2026-02-07,2026-02-07T06:00:00Z,2026-02-06T18:00:00Z,2026-02-06T18:00:00Z,2026-01-31,0.961711,0.956815,0.959263
2026-02-07T20:00:00Z,2026-02-07,2026-02-07T06:00:00Z,2026-02-06T18:00:00Z,2026-02-06T18:00:00Z,2026-01-31,0.95881,0.953582,0.956196
2026-02-07T21:00:00Z,2026-02-07,2026-02-07T06:00:00Z,2026-02-06T18:00:00Z,2026-02-06T18:00:00Z,2026-01-31,0.933919,0.927035,0.930477
2026-02-07T22:00:00Z,2026-02-07,2026-02-07T06:00:00Z,2026-02-06T18:00:00Z,2026-02-06T18:00:00Z,2026-01-31,0.852395,0.84406,0.848228
2026-02-07T23:00:00Z,2026-02-07,2026-02-07T06:00:00Z,2026-02-06T18:00:00Z,2026-02-06T18:00:00Z,2026-01-31,0.685118,0.670818,0.677968
2026-02-08T00:00:00Z,2026-02-07,2026-02-07T06:00:00Z,2026-02-06T18:00:00Z,2026-02-06T18:00:00Z,2026-01-31,0.696783,0.682607,0.689695
2026-02-08T01:00:00Z,2026-02-07,2026-02-07T06:00:00Z,2026-02-06T18:00:00Z,2026-02-06T18:00:00Z,2026-01-31,0.658975,0.644964,0.651969
2026-02-08T02:00:00Z,2026-02-07,2026-02-07T06:00:00Z,2026-02-06T18:00:00Z,2026-02-06T18:00:00Z,2026-01-31,0.550292,0.53729,0.543791
2026-02-08T03:00:00Z,2026-02-07,2026-02-07T06:00:00Z,2026-02-06T18:00:00Z,2026-02-06T18:00:00Z,2026-01-31,0.365909,0.353829,0.359869
2026-02-08T04:00:00Z,2026-02-07,2026-02-07T06:00:00Z,2026-02-06T18:00:00Z,2026-02-06T18:00:00Z,2026-01-31,0.167252,0.159862,0.163557
2026-02-08T05:00:00Z,2026-02-07,2026-02-07T06:00:00Z,2026-02-06T18:00:00Z,2026-02-06T18:00:00Z,2026-01-31,0.051894,0.048974,0.050434
2026-02-08T06:00:00Z,2026-02-08,2026-02-08T06:00:00Z,2026-02-07T18:00:00Z,2026-02-07T18:00:00Z,2026-01-31,0.012396,0.011751,0.012074
2026-02-08T07:00:00Z,2026-02-08,2026-02-08T06:00:00Z,2026-02-07T18:00:00Z,2026-02-07T18:00:00Z,2026-01-31,0.011579,0.011034,0.011307
2026-02-08T08:00:00Z,2026-02-08,2026-02-08T06:00:00Z,2026-02-07T18:00:00Z,2026-02-07T18:00:00Z,2026-01-31,0.026251,0.024761,0.025506
2026-02-08T09:00:00Z,2026-02-08,2026-02-08T06:00:00Z,2026-02-07T18:00:00Z,2026-02-07T18:00:00Z,2026-01-31,0.205617,0.197001,0.201309
2026-02-08T10:00:00Z,2026-02-08,2026-02-08T06:00:00Z,2026-02-07T18:00:00Z,2026-02-07T18:00:00Z,2026-01-31,0.560554,0.547472,0.554013
2026-02-08T11:00:00Z,2026-02-08,2026-02-08T06:00:00Z,2026-02-07T18:00:00Z,2026-02-07T18:00:00Z,2026-01-31,0.842385,0.833621,0.838003
2026-02-08T12:00:00Z,2026-02-08,2026-02-08T06:00:00Z,2026-02-07T18:00:00Z,2026-02-07T18:00:00Z,2026-01-31,0.924722,0.917765,0.921244
2026-02-08T13:00:00Z,2026-02-08,2026-02-08T06:00:00Z,2026-02-07T18:00:00Z,2026-02-07T18:00:00Z,2026-01-31,0.943325,0.936787,0.940056
2026-02-08T14:00:00Z,2026-02-08,2026-02-08T06:00:00Z,2026-02-07T18:00:00Z,2026-02-07T18:00:00Z,2026-01-31,0.959717,0.954592,0.957155
2026-02-08T15:00:00Z,2026-02-08,2026-02-08T06:00:00Z,2026-02-07T18:00:00Z,2026-02-07T18:00:00Z,2026-01-31,0.963225,0.958366,0.960796
2026-02-08T16:00:00Z,2026-02-08,2026-02-08T06:00:00Z,2026-02-07T18:00:00Z,2026-02-07T18:00:00Z,2026-01-31,0.966139,0.961349,0.963744
2026-02-08T17:00:00Z,2026-02-08,2026-02-08T06:00:00Z,2026-02-07T18:00:00Z,2026-02-07T18:00:00Z,2026-01-31,0.966312,0.961522,0.963917
2026-02-08T18:00:00Z,2026-02-08,2026-02-08T06:00:00Z,2026-02-07T18:00:00Z,2026-02-07T18:00:00Z,2026-01-31,0.967188,0.962184,0.964686
2026-02-08T19:00:00Z,2026-02-08,2026-02-08T06:00:00Z,2026-02-07T18:00:00Z,2026-02-07T18:00:00Z,2026-01-31,0.964531,0.959703,0.962117
2026-02-08T20:00:00Z,2026-02-08,2026-02-08T06:00:00Z,2026-02-07T18:00:00Z,2026-02-07T18:00:00Z,2026-01-31,0.966471,0.961642,0.964056
2026-02-08T21:00:00Z,2026-02-08,2026-02-08T06:00:00Z,2026-02-07T18:00:00Z,2026-02-07T18:00:00Z,2026-01-31,0.965034,0.960218,0.962626
2026-02-08T22:00:00Z,2026-02-08,2026-02-08T06:00:00Z,2026-02-07T18:00:00Z,2026-02-07T18:00:00Z,2026-01-31,0.966989,0.962033,0.964511
2026-02-08T23:00:00Z,2026-02-08,2026-02-08T06:00:00Z,2026-02-07T18:00:00Z,2026-02-07T18:00:00Z,2026-01-31,0.96212,0.957235,0.959677
2026-02-09T00:00:00Z,2026-02-08,2026-02-08T06:00:00Z,2026-02-07T18:00:00Z,2026-02-07T18:00:00Z,2026-01-31,0.943325,0.936787,0.940056
2026-02-09T01:00:00Z,2026-02-08,2026-02-08T06:00:00Z,2026-02-07T18:00:00Z,2026-02-07T18:00:00Z,2026-01-31,0.909617,0.902548,0.906083
2026-02-09T02:00:00Z,2026-02-08,2026-02-08T06:00:00Z,2026-02-07T18:00:00Z,2026-02-07T18:00:00Z,2026-01-31,0.890013,0.882821,0.886417
2026-02-09T03:00:00Z,2026-02-08,2026-02-08T06:00:00Z,2026-02-07T18:00:00Z,2026-02-07T18:00:00Z,2026-01-31,0.881028,0.87378,0.877404
2026-02-09T04:00:00Z,2026-02-08,2026-02-08T06:00:00Z,2026-02-07T18:00:00Z,2026-02-07T18:00:00Z,2026-01-31,0.847946,0.839421,0.843684
2026-02-09T05:00:00Z,2026-02-08,2026-02-08T06:00:00Z,2026-02-07T18:00:00Z,2026-02-07T18:00:00Z,2026-01-31,0.835712,0.826662,0.831187
2026-02-09T06:00:00Z,2026-02-09,2026-02-09T06:00:00Z,2026-02-08T18:00:00Z,2026-02-08T18:00:00Z,2026-01-31,0.87019,0.862618,0.866404
2026-02-09T07:00:00Z,2026-02-09,2026-02-09T06:00:00Z,2026-02-08T18:00:00Z,2026-02-08T18:00:00Z,2026-01-31,0.856844,0.8487,0.852772
2026-02-09T08:00:00Z,2026-02-09,2026-02-09T06:00:00Z,2026-02-08T18:00:00Z,2026-02-08T18:00:00Z,2026-01-31,0.759024,0.746044,0.752534
2026-02-09T09:00:00Z,2026-02-09,2026-02-09T06:00:00Z,2026-02-08T18:00:00Z,2026-02-08T18:00:00Z,2026-01-31,0.713162,0.699301,0.706231
2026-02-09T10:00:00Z,2026-02-09,2026-02-09T06:00:00Z,2026-02-08T18:00:00Z,2026-02-08T18:00:00Z,2026-01-31,0.719714,0.705978,0.712846
2026-02-09T11:00:00Z,2026-02-09,2026-02-09T06:00:00Z,2026-02-08T18:00:00Z,2026-02-08T18:00:00Z,2026-01-31,0.775001,0.762755,0.768878
2026-02-09T12:00:00Z,2026-02-09,2026-02-09T06:00:00Z,2026-02-08T18:00:00Z,2026-02-08T18:00:00Z,2026-01-31,0.62586,0.612216,0.619038
2026-02-09T13:00:00Z,2026-02-09,2026-02-09T06:00:00Z,2026-02-08T18:00:00Z,2026-02-08T18:00:00Z,2026-01-31,0.352936,0.341012,0.346974
2026-02-09T14:00:00Z,2026-02-09,2026-02-09T06:00:00Z,2026-02-08T18:00:00Z,2026-02-08T18:00:00Z,2026-01-31,0.30419,0.293023,0.298606
2026-02-09T15:00:00Z,2026-02-09,2026-02-09T06:00:00Z,2026-02-08T18:00:00Z,2026-02-08T18:00:00Z,2026-01-31,0.302873,0.291735,0.297304
2026-02-09T16:00:00Z,2026-02-09,2026-02-09T06:00:00Z,2026-02-08T18:00:00Z,2026-02-08T18:00:00Z,2026-01-31,0.101874,0.096898,0.099386
2026-02-09T17:00:00Z,2026-02-09,2026-02-09T06:00:00Z,2026-02-08T18:00:00Z,2026-02-08T18:00:00Z,2026-01-31,0.021109,0.019913,0.020511
2026-02-09T18:00:00Z,2026-02-09,2026-02-09T06:00:00Z,2026-02-08T18:00:00Z,2026-02-08T18:00:00Z,2026-01-31,0.022754,0.021465,0.02211
2026-02-09T19:00:00Z,2026-02-09,2026-02-09T06:00:00Z,2026-02-08T18:00:00Z,2026-02-08T18:00:00Z,2026-01-31,0.049163,0.046375,0.047769
2026-02-09T20:00:00Z,2026-02-09,2026-02-09T06:00:00Z,2026-02-08T18:00:00Z,2026-02-08T18:00:00Z,2026-01-31,0.02728,0.02573,0.026505
2026-02-09T21:00:00Z,2026-02-09,2026-02-09T06:00:00Z,2026-02-08T18:00:00Z,2026-02-08T18:00:00Z,2026-01-31,0.02296,0.021658,0.022309
2026-02-09T22:00:00Z,2026-02-09,2026-02-09T06:00:00Z,2026-02-08T18:00:00Z,2026-02-08T18:00:00Z,2026-01-31,0.022343,0.021077,0.02171
2026-02-09T23:00:00Z,2026-02-09,2026-02-09T06:00:00Z,2026-02-08T18:00:00Z,2026-02-08T18:00:00Z,2026-01-31,0.047797,0.045076,0.046436
2026-02-10T00:00:00Z,2026-02-09,2026-02-09T06:00:00Z,2026-02-08T18:00:00Z,2026-02-08T18:00:00Z,2026-01-31,0.021726,0.020495,0.02111
2026-02-10T01:00:00Z,2026-02-09,2026-02-09T06:00:00Z,2026-02-08T18:00:00Z,2026-02-08T18:00:00Z,2026-01-31,0.050528,0.047674,0.049101
2026-02-10T02:00:00Z,2026-02-09,2026-02-09T06:00:00Z,2026-02-08T18:00:00Z,2026-02-08T18:00:00Z,2026-01-31,0.152875,0.145992,0.149433
2026-02-10T03:00:00Z,2026-02-09,2026-02-09T06:00:00Z,2026-02-08T18:00:00Z,2026-02-08T18:00:00Z,2026-01-31,0.106216,0.101072,0.103644
2026-02-10T04:00:00Z,2026-02-09,2026-02-09T06:00:00Z,2026-02-08T18:00:00Z,2026-02-08T18:00:00Z,2026-01-31,0.085197,0.080866,0.083031
2026-02-10T05:00:00Z,2026-02-09,2026-02-09T06:00:00Z,2026-02-08T18:00:00Z,2026-02-08T18:00:00Z,2026-01-31,0.052804,0.04984,0.051322
2026-02-10T06:00:00Z,2026-02-10,2026-02-10T06:00:00Z,2026-02-09T18:00:00Z,2026-02-09T18:00:00Z,2026-01-31,0.157199,0.150158,0.153678
2026-02-10T07:00:00Z,2026-02-10,2026-02-10T06:00:00Z,2026-02-09T18:00:00Z,2026-02-09T18:00:00Z,2026-01-31,0.201579,0.193092,0.197335
2026-02-10T08:00:00Z,2026-02-10,2026-02-10T06:00:00Z,2026-02-09T18:00:00Z,2026-02-09T18:00:00Z,2026-01-31,0.259761,0.249569,0.254665
2026-02-10T09:00:00Z,2026-02-10,2026-02-10T06:00:00Z,2026-02-09T18:00:00Z,2026-02-09T18:00:00Z,2026-01-31,0.306823,0.295599,0.301211
2026-02-10T10:00:00Z,2026-02-10,2026-02-10T06:00:00Z,2026-02-09T18:00:00Z,2026-02-09T18:00:00Z,2026-01-31,0.17129,0.163771,0.16753
2026-02-10T11:00:00Z,2026-02-10,2026-02-10T06:00:00Z,2026-02-09T18:00:00Z,2026-02-09T18:00:00Z,2026-01-31,0.251611,0.241655,0.246633
2026-02-10T12:00:00Z,2026-02-10,2026-02-10T06:00:00Z,2026-02-09T18:00:00Z,2026-02-09T18:00:00Z,2026-01-31,0.344287,0.332468,0.338377
2026-02-10T13:00:00Z,2026-02-10,2026-02-10T06:00:00Z,2026-02-09T18:00:00Z,2026-02-09T18:00:00Z,2026-01-31,0.244625,0.234871,0.239748
2026-02-10T14:00:00Z,2026-02-10,2026-02-10T06:00:00Z,2026-02-09T18:00:00Z,2026-02-09T18:00:00Z,2026-01-31,0.151145,0.144325,0.147735
2026-02-10T15:00:00Z,2026-02-10,2026-02-10T06:00:00Z,2026-02-09T18:00:00Z,2026-02-09T18:00:00Z,2026-01-31,0.489214,0.476425,0.482819
2026-02-10T16:00:00Z,2026-02-10,2026-02-10T06:00:00Z,2026-02-09T18:00:00Z,2026-02-09T18:00:00Z,2026-01-31,0.82126,0.811529,0.816394
2026-02-10T17:00:00Z,2026-02-10,2026-02-10T06:00:00Z,2026-02-09T18:00:00Z,2026-02-09T18:00:00Z,2026-01-31,0.924181,0.917219,0.9207
2026-02-10T18:00:00Z,2026-02-10,2026-02-10T06:00:00Z,2026-02-09T18:00:00Z,2026-02-09T18:00:00Z,2026-01-31,0.957179,0.951764,0.954472
2026-02-10T19:00:00Z,2026-02-10,2026-02-10T06:00:00Z,2026-02-09T18:00:00Z,2026-02-09T18:00:00Z,2026-01-31,0.965536,0.960732,0.963134
2026-02-10T20:00:00Z,2026-02-10,2026-02-10T06:00:00Z,2026-02-09T18:00:00Z,2026-02-09T18:00:00Z,2026-01-31,0.939149,0.932323,0.935736
2026-02-10T21:00:00Z,2026-02-10,2026-02-10T06:00:00Z,2026-02-09T18:00:00Z,2026-02-09T18:00:00Z,2026-01-31,0.7148,0.70097,0.707885
2026-02-10T22:00:00Z,2026-02-10,2026-02-10T06:00:00Z,2026-02-09T18:00:00Z,2026-02-09T18:00:00Z,2026-01-31,0.469708,0.456949,0.463329
2026-02-10T23:00:00Z,2026-02-10,2026-02-10T06:00:00Z,2026-02-09T18:00:00Z,2026-02-09T18:00:00Z,2026-01-31,0.17129,0.163771,0.16753
2026-02-11T00:00:00Z,2026-02-10,2026-02-10T06:00:00Z,2026-02-09T18:00:00Z,2026-02-09T18:00:00Z,2026-01-31,0.039209,0.036954,0.038082
2026-02-11T01:00:00Z,2026-02-10,2026-02-10T06:00:00Z,2026-02-09T18:00:00Z,2026-02-09T18:00:00Z,2026-01-31,0.027691,0.026118,0.026904
2026-02-11T02:00:00Z,2026-02-10,2026-02-10T06:00:00Z,2026-02-09T18:00:00Z,2026-02-09T18:00:00Z,2026-01-31,0.011111,0.010639,0.010875
2026-02-11T03:00:00Z,2026-02-10,2026-02-10T06:00:00Z,2026-02-09T18:00:00Z,2026-02-09T18:00:00Z,2026-01-31,0.049163,0.046375,0.047769
2026-02-11T04:00:00Z,2026-02-10,2026-02-10T06:00:00Z,2026-02-09T18:00:00Z,2026-02-09T18:00:00Z,2026-01-31,0.126065,0.120158,0.123112
2026-02-11T05:00:00Z,2026-02-10,2026-02-10T06:00:00Z,2026-02-09T18:00:00Z,2026-02-09T18:00:00Z,2026-01-31,0.178358,0.170613,0.174485
2026-02-11T06:00:00Z,2026-02-11,2026-02-11T06:00:00Z,2026-02-10T18:00:00Z,2026-02-10T18:00:00Z,2026-01-31,0.124335,0.118492,0.121414
2026-02-11T07:00:00Z,2026-02-11,2026-02-11T06:00:00Z,2026-02-10T18:00:00Z,2026-02-10T18:00:00Z,2026-01-31,0.081674,0.07748,0.079577
2026-02-11T08:00:00Z,2026-02-11,2026-02-11T06:00:00Z,2026-02-10T18:00:00Z,2026-02-10T18:00:00Z,2026-01-31,0.020903,0.01972,0.020312
2026-02-11T09:00:00Z,2026-02-11,2026-02-11T06:00:00Z,2026-02-10T18:00:00Z,2026-02-10T18:00:00Z,2026-01-31,0.515222,0.502392,0.508807
2026-02-11T10:00:00Z,2026-02-11,2026-02-11T06:00:00Z,2026-02-10T18:00:00Z,2026-02-10T18:00:00Z,2026-01-31,0.945895,0.939534,0.942715
2026-02-11T11:00:00Z,2026-02-11,2026-02-11T06:00:00Z,2026-02-10T18:00:00Z,2026-02-10T18:00:00Z,2026-01-31,0.962823,0.957955,0.960389
2026-02-11T12:00:00Z,2026-02-11,2026-02-11T06:00:00Z,2026-02-10T18:00:00Z,2026-02-10T18:00:00Z,2026-01-31,0.948144,0.941937,0.94504
2026-02-11T13:00:00Z,2026-02-11,2026-02-11T06:00:00Z,2026-02-10T18:00:00Z,2026-02-10T18:00:00Z,2026-01-31,0.877761,0.870492,0.874127
2026-02-11T14:00:00Z,2026-02-11,2026-02-11T06:00:00Z,2026-02-10T18:00:00Z,2026-02-10T18:00:00Z,2026-01-31,0.818456,0.808573,0.813514
2026-02-11T15:00:00Z,2026-02-11,2026-02-11T06:00:00Z,2026-02-10T18:00:00Z,2026-02-10T18:00:00Z,2026-01-31,0.91823,0.911221,0.914725
2026-02-11T16:00:00Z,2026-02-11,2026-02-11T06:00:00Z,2026-02-10T18:00:00Z,2026-02-10T18:00:00Z,2026-01-31,0.74592,0.732689,0.739305
2026-02-11T17:00:00Z,2026-02-11,2026-02-11T06:00:00Z,2026-02-10T18:00:00Z,2026-02-10T18:00:00Z,2026-01-31,0.586211,0.57293,0.57957
2026-02-11T18:00:00Z,2026-02-11,2026-02-11T06:00:00Z,2026-02-10T18:00:00Z,2026-02-10T18:00:00Z,2026-01-31,0.468083,0.455326,0.461705
2026-02-11T19:00:00Z,2026-02-11,2026-02-11T06:00:00Z,2026-02-10T18:00:00Z,2026-02-10T18:00:00Z,2026-01-31,0.416752,0.404244,0.410498
2026-02-11T20:00:00Z,2026-02-11,2026-02-11T06:00:00Z,2026-02-10T18:00:00Z,2026-02-10T18:00:00Z,2026-01-31,0.450598,0.437898,0.444248
2026-02-11T21:00:00Z,2026-02-11,2026-02-11T06:00:00Z,2026-02-10T18:00:00Z,2026-02-10T18:00:00Z,2026-01-31,0.482712,0.469933,0.476322
2026-02-11T22:00:00Z,2026-02-11,2026-02-11T06:00:00Z,2026-02-10T18:00:00Z,2026-02-10T18:00:00Z,2026-01-31,0.373116,0.360949,0.367032
2026-02-11T23:00:00Z,2026-02-11,2026-02-11T06:00:00Z,2026-02-10T18:00:00Z,2026-02-10T18:00:00Z,2026-01-31,0.324108,0.312531,0.318319
2026-02-12T00:00:00Z,2026-02-11,2026-02-11T06:00:00Z,2026-02-10T18:00:00Z,2026-02-10T18:00:00Z,2026-01-31,0.27786,0.26726,0.27256
2026-02-12T01:00:00Z,2026-02-11,2026-02-11T06:00:00Z,2026-02-10T18:00:00Z,2026-02-10T18:00:00Z,2026-01-31,0.160659,0.153492,0.157075
2026-02-12T02:00:00Z,2026-02-11,2026-02-11T06:00:00Z,2026-02-10T18:00:00Z,2026-02-10T18:00:00Z,2026-01-31,0.061451,0.05807,0.05976
2026-02-12T03:00:00Z,2026-02-11,2026-02-11T06:00:00Z,2026-02-10T18:00:00Z,2026-02-10T18:00:00Z,2026-01-31,0.05599,0.052872,0.054431
2026-02-12T04:00:00Z,2026-02-11,2026-02-11T06:00:00Z,2026-02-10T18:00:00Z,2026-02-10T18:00:00Z,2026-01-31,0.018124,0.017098,0.017611
2026-02-12T05:00:00Z,2026-02-11,2026-02-11T06:00:00Z,2026-02-10T18:00:00Z,2026-02-10T18:00:00Z,2026-01-31,0.019149,0.018066,0.018607
2026-02-12T06:00:00Z,2026-02-12,2026-02-12T06:00:00Z,2026-02-11T18:00:00Z,2026-02-11T18:00:00Z,2026-01-31,0.04376,0.041235,0.042498
2026-02-12T07:00:00Z,2026-02-12,2026-02-12T06:00:00Z,2026-02-11T18:00:00Z,2026-02-11T18:00:00Z,2026-01-31,0.064649,0.061114,0.062882
2026-02-12T08:00:00Z,2026-02-12,2026-02-12T06:00:00Z,2026-02-11T18:00:00Z,2026-02-11T18:00:00Z,2026-01-31,0.02584,0.024373,0.025106
2026-02-12T09:00:00Z,2026-02-12,2026-02-12T06:00:00Z,2026-02-11T18:00:00Z,2026-02-11T18:00:00Z,2026-01-31,0.013469,0.012735,0.013102
2026-02-12T10:00:00Z,2026-02-12,2026-02-12T06:00:00Z,2026-02-11T18:00:00Z,2026-02-11T18:00:00Z,2026-01-31,0.010808,0.010389,0.010599
2026-02-12T11:00:00Z,2026-02-12,2026-02-12T06:00:00Z,2026-02-11T18:00:00Z,2026-02-11T18:00:00Z,2026-01-31,0.093189,0.088548,0.090868
2026-02-12T12:00:00Z,2026-02-12,2026-02-12T06:00:00Z,2026-02-11T18:00:00Z,2026-02-11T18:00:00Z,2026-01-31,0.117072,0.111509,0.11429
2026-02-12T13:00:00Z,2026-02-12,2026-02-12T06:00:00Z,2026-02-11T18:00:00Z,2026-02-11T18:00:00Z,2026-01-31,0.12693,0.120992,0.123961
2026-02-12T14:00:00Z,2026-02-12,2026-02-12T06:00:00Z,2026-02-11T18:00:00Z,2026-02-11T18:00:00Z,2026-01-31,0.078739,0.074658,0.076699
2026-02-12T15:00:00Z,2026-02-12,2026-02-12T06:00:00Z,2026-02-11T18:00:00Z,2026-02-11T18:00:00Z,2026-01-31,0.096084,0.091331,0.093707
2026-02-12T16:00:00Z,2026-02-12,2026-02-12T06:00:00Z,2026-02-11T18:00:00Z,2026-02-11T18:00:00Z,2026-01-31,0.078739,0.074658,0.076699
2026-02-12T17:00:00Z,2026-02-12,2026-02-12T06:00:00Z,2026-02-11T18:00:00Z,2026-02-11T18:00:00Z,2026-01-31,0.017441,0.016453,0.016947
2026-02-12T18:00:00Z,2026-02-12,2026-02-12T06:00:00Z,2026-02-11T18:00:00Z,2026-02-11T18:00:00Z,2026-01-31,0.017782,0.016776,0.017279
2026-02-12T19:00:00Z,2026-02-12,2026-02-12T06:00:00Z,2026-02-11T18:00:00Z,2026-02-11T18:00:00Z,2026-01-31,0.022343,0.021077,0.02171
2026-02-12T20:00:00Z,2026-02-12,2026-02-12T06:00:00Z,2026-02-11T18:00:00Z,2026-02-11T18:00:00Z,2026-01-31,0.029131,0.027475,0.028303
2026-02-12T21:00:00Z,2026-02-12,2026-02-12T06:00:00Z,2026-02-11T18:00:00Z,2026-02-11T18:00:00Z,2026-01-31,0.010955,0.010507,0.010731
2026-02-12T22:00:00Z,2026-02-12,2026-02-12T06:00:00Z,2026-02-11T18:00:00Z,2026-02-11T18:00:00Z,2026-01-31,0.011917,0.011319,0.011618
2026-02-12T23:00:00Z,2026-02-12,2026-02-12T06:00:00Z,2026-02-11T18:00:00Z,2026-02-11T18:00:00Z,2026-01-31,0.013017,0.01232,0.012668
2026-02-13T00:00:00Z,2026-02-12,2026-02-12T06:00:00Z,2026-02-11T18:00:00Z,2026-02-11T18:00:00Z,2026-01-31,0.027897,0.026312,0.027105
2026-02-13T01:00:00Z,2026-02-12,2026-02-12T06:00:00Z,2026-02-11T18:00:00Z,2026-02-11T18:00:00Z,2026-01-31,0.061907,0.058503,0.060205
2026-02-13T02:00:00Z,2026-02-12,2026-02-12T06:00:00Z,2026-02-11T18:00:00Z,2026-02-11T18:00:00Z,2026-01-31,0.060541,0.057204,0.058872
2026-02-13T03:00:00Z,2026-02-12,2026-02-12T06:00:00Z,2026-02-11T18:00:00Z,2026-02-11T18:00:00Z,2026-01-31,0.026251,0.024761,0.025506
2026-02-13T04:00:00Z,2026-02-12,2026-02-12T06:00:00Z,2026-02-11T18:00:00Z,2026-02-11T18:00:00Z,2026-01-31,0.01858,0.017528,0.018054
2026-02-13T05:00:00Z,2026-02-12,2026-02-12T06:00:00Z,2026-02-11T18:00:00Z,2026-02-11T18:00:00Z,2026-01-31,0.022343,0.021077,0.02171
2026-02-13T06:00:00Z,2026-02-13,2026-02-13T06:00:00Z,2026-02-12T18:00:00Z,2026-02-12T18:00:00Z,2026-01-31,0.011033,0.010573,0.010803
2026-02-13T07:00:00Z,2026-02-13,2026-02-13T06:00:00Z,2026-02-12T18:00:00Z,2026-02-12T18:00:00Z,2026-01-31,0.011137,0.010661,0.010899
2026-02-13T08:00:00Z,2026-02-13,2026-02-13T06:00:00Z,2026-02-12T18:00:00Z,2026-02-12T18:00:00Z,2026-01-31,0.011397,0.01088,0.011138
2026-02-13T09:00:00Z,2026-02-13,2026-02-13T06:00:00Z,2026-02-12T18:00:00Z,2026-02-12T18:00:00Z,2026-01-31,0.011943,0.011341,0.011642
2026-02-13T10:00:00Z,2026-02-13,2026-02-13T06:00:00Z,2026-02-12T18:00:00Z,2026-02-12T18:00:00Z,2026-01-31,0.013977,0.013201,0.013589
2026-02-13T11:00:00Z,2026-02-13,2026-02-13T06:00:00Z,2026-02-12T18:00:00Z,2026-02-12T18:00:00Z,2026-01-31,0.014598,0.01377,0.014184
2026-02-13T12:00:00Z,2026-02-13,2026-02-13T06:00:00Z,2026-02-12T18:00:00Z,2026-02-12T18:00:00Z,2026-01-31,0.015618,0.014733,0.015175
2026-02-13T13:00:00Z,2026-02-13,2026-02-13T06:00:00Z,2026-02-12T18:00:00Z,2026-02-12T18:00:00Z,2026-01-31,0.023166,0.021852,0.022509
2026-02-13T14:00:00Z,2026-02-13,2026-02-13T06:00:00Z,2026-02-12T18:00:00Z,2026-02-12T18:00:00Z,2026-01-31,0.055535,0.052439,0.053987
2026-02-13T15:00:00Z,2026-02-13,2026-02-13T06:00:00Z,2026-02-12T18:00:00Z,2026-02-12T18:00:00Z,2026-01-31,0.180377,0.172567,0.176472
2026-02-13T16:00:00Z,2026-02-13,2026-02-13T06:00:00Z,2026-02-12T18:00:00Z,2026-02-12T18:00:00Z,2026-01-31,0.450598,0.437898,0.444248
2026-02-13T17:00:00Z,2026-02-13,2026-02-13T06:00:00Z,2026-02-12T18:00:00Z,2026-02-12T18:00:00Z,2026-01-31,0.557134,0.544078,0.550606
2026-02-13T18:00:00Z,2026-02-13,2026-02-13T06:00:00Z,2026-02-12T18:00:00Z,2026-02-12T18:00:00Z,2026-01-31,0.511971,0.499146,0.505559
2026-02-13T19:00:00Z,2026-02-13,2026-02-13T06:00:00Z,2026-02-12T18:00:00Z,2026-02-12T18:00:00Z,2026-01-31,0.505469,0.492654,0.499061
2026-02-13T20:00:00Z,2026-02-13,2026-02-13T06:00:00Z,2026-02-12T18:00:00Z,2026-02-12T18:00:00Z,2026-01-31,0.538319,0.52541,0.531864
2026-02-13T21:00:00Z,2026-02-13,2026-02-13T06:00:00Z,2026-02-12T18:00:00Z,2026-02-12T18:00:00Z,2026-01-31,0.513597,0.500769,0.507183
2026-02-13T22:00:00Z,2026-02-13,2026-02-13T06:00:00Z,2026-02-12T18:00:00Z,2026-02-12T18:00:00Z,2026-01-31,0.528226,0.515375,0.521801
2026-02-13T23:00:00Z,2026-02-13,2026-02-13T06:00:00Z,2026-02-12T18:00:00Z,2026-02-12T18:00:00Z,2026-01-31,0.474585,0.461818,0.468201
2026-02-14T00:00:00Z,2026-02-13,2026-02-13T06:00:00Z,2026-02-12T18:00:00Z,2026-02-12T18:00:00Z,2026-01-31,0.363026,0.350981,0.357004
2026-02-14T01:00:00Z,2026-02-13,2026-02-13T06:00:00Z,2026-02-12T18:00:00Z,2026-02-12T18:00:00Z,2026-01-31,0.280493,0.269836,0.275165
2026-02-14T02:00:00Z,2026-02-13,2026-02-13T06:00:00Z,2026-02-12T18:00:00Z,2026-02-12T18:00:00Z,2026-01-31,0.082849,0.078608,0.080729
2026-02-14T03:00:00Z,2026-02-13,2026-02-13T06:00:00Z,2026-02-12T18:00:00Z,2026-02-12T18:00:00Z,2026-01-31,0.037258,0.035119,0.036188
2026-02-14T04:00:00Z,2026-02-13,2026-02-13T06:00:00Z,2026-02-12T18:00:00Z,2026-02-12T18:00:00Z,2026-01-31,0.024606,0.02321,0.023908
2026-02-14T05:00:00Z,2026-02-13,2026-02-13T06:00:00Z,2026-02-12T18:00:00Z,2026-02-12T18:00:00Z,2026-01-31,0.0244,0.023016,0.023708
2026-02-14T06:00:00Z,2026-02-14,2026-02-14T06:00:00Z,2026-02-13T18:00:00Z,2026-02-13T18:00:00Z,2026-01-31,0.018466,0.017421,0.017944
2026-02-14T07:00:00Z,2026-02-14,2026-02-14T06:00:00Z,2026-02-13T18:00:00Z,2026-02-13T18:00:00Z,2026-01-31,0.072281,0.06845,0.070365
2026-02-14T08:00:00Z,2026-02-14,2026-02-14T06:00:00Z,2026-02-13T18:00:00Z,2026-02-13T18:00:00Z,2026-01-31,0.051894,0.048974,0.050434
2026-02-14T09:00:00Z,2026-02-14,2026-02-14T06:00:00Z,2026-02-13T18:00:00Z,2026-02-13T18:00:00Z,2026-01-31,0.018466,0.017421,0.017944
2026-02-14T10:00:00Z,2026-02-14,2026-02-14T06:00:00Z,2026-02-13T18:00:00Z,2026-02-13T18:00:00Z,2026-01-31,0.012622,0.011958,0.01229
2026-02-14T11:00:00Z,2026-02-14,2026-02-14T06:00:00Z,2026-02-13T18:00:00Z,2026-02-13T18:00:00Z,2026-01-31,0.011709,0.011144,0.011426
2026-02-14T12:00:00Z,2026-02-14,2026-02-14T06:00:00Z,2026-02-13T18:00:00Z,2026-02-13T18:00:00Z,2026-01-31,0.013074,0.012372,0.012723
2026-02-14T13:00:00Z,2026-02-14,2026-02-14T06:00:00Z,2026-02-13T18:00:00Z,2026-02-13T18:00:00Z,2026-01-31,0.011423,0.010902,0.011163
2026-02-14T14:00:00Z,2026-02-14,2026-02-14T06:00:00Z,2026-02-13T18:00:00Z,2026-02-13T18:00:00Z,2026-01-31,0.012735,0.012061,0.012398
2026-02-14T15:00:00Z,2026-02-14,2026-02-14T06:00:00Z,2026-02-13T18:00:00Z,2026-02-13T18:00:00Z,2026-01-31,0.128659,0.122658,0.125659
2026-02-14T16:00:00Z,2026-02-14,2026-02-14T06:00:00Z,2026-02-13T18:00:00Z,2026-02-13T18:00:00Z,2026-01-31,0.034333,0.032367,0.03335
2026-02-14T17:00:00Z,2026-02-14,2026-02-14T06:00:00Z,2026-02-13T18:00:00Z,2026-02-13T18:00:00Z,2026-01-31,0.020697,0.019526,0.020112
2026-02-14T18:00:00Z,2026-02-14,2026-02-14T06:00:00Z,2026-02-13T18:00:00Z,2026-02-13T18:00:00Z,2026-01-31,0.01057,0.010217,0.010393
2026-02-14T19:00:00Z,2026-02-14,2026-02-14T06:00:00Z,2026-02-13T18:00:00Z,2026-02-13T18:00:00Z,2026-01-31,0.010763,0.010356,0.010559
2026-02-14T20:00:00Z,2026-02-14,2026-02-14T06:00:00Z,2026-02-13T18:00:00Z,2026-02-13T18:00:00Z,2026-01-31,0.01217,0.011543,0.011856
2026-02-14T21:00:00Z,2026-02-14,2026-02-14T06:00:00Z,2026-02-13T18:00:00Z,2026-02-13T18:00:00Z,2026-01-31,0.013074,0.012372,0.012723
2026-02-14T22:00:00Z,2026-02-14,2026-02-14T06:00:00Z,2026-02-13T18:00:00Z,2026-02-13T18:00:00Z,2026-01-31,0.023371,0.022046,0.022708
2026-02-14T23:00:00Z,2026-02-14,2026-02-14T06:00:00Z,2026-02-13T18:00:00Z,2026-02-13T18:00:00Z,2026-01-31,0.078739,0.074658,0.076699
2026-02-15T00:00:00Z,2026-02-14,2026-02-14T06:00:00Z,2026-02-13T18:00:00Z,2026-02-13T18:00:00Z,2026-01-31,0.143362,0.136825,0.140093
2026-02-15T01:00:00Z,2026-02-14,2026-02-14T06:00:00Z,2026-02-13T18:00:00Z,2026-02-13T18:00:00Z,2026-01-31,0.212026,0.203214,0.20762
2026-02-15T02:00:00Z,2026-02-14,2026-02-14T06:00:00Z,2026-02-13T18:00:00Z,2026-02-13T18:00:00Z,2026-01-31,0.280493,0.269836,0.275165
2026-02-15T03:00:00Z,2026-02-14,2026-02-14T06:00:00Z,2026-02-13T18:00:00Z,2026-02-13T18:00:00Z,2026-01-31,0.350053,0.338164,0.344109
2026-02-15T04:00:00Z,2026-02-14,2026-02-14T06:00:00Z,2026-02-13T18:00:00Z,2026-02-13T18:00:00Z,2026-01-31,0.421367,0.408833,0.4151
2026-02-15T05:00:00Z,2026-02-14,2026-02-14T06:00:00Z,2026-02-13T18:00:00Z,2026-02-13T18:00:00Z,2026-01-31,0.546871,0.533895,0.540383
2026-02-15T06:00:00Z,2026-02-15,2026-02-15T06:00:00Z,2026-02-14T18:00:00Z,2026-02-14T18:00:00Z,2026-01-31,0.817054,0.807095,0.812075
2026-02-15T07:00:00Z,2026-02-15,2026-02-15T06:00:00Z,2026-02-14T18:00:00Z,2026-02-14T18:00:00Z,2026-01-31,0.836824,0.827822,0.832323
2026-02-15T08:00:00Z,2026-02-15,2026-02-15T06:00:00Z,2026-02-14T18:00:00Z,2026-02-14T18:00:00Z,2026-01-31,0.818456,0.808573,0.813514
2026-02-15T09:00:00Z,2026-02-15,2026-02-15T06:00:00Z,2026-02-14T18:00:00Z,2026-02-14T18:00:00Z,2026-01-31,0.737731,0.724342,0.731037
2026-02-15T10:00:00Z,2026-02-15,2026-02-15T06:00:00Z,2026-02-14T18:00:00Z,2026-02-14T18:00:00Z,2026-01-31,0.634575,0.620834,0.627704
2026-02-15T11:00:00Z,2026-02-15,2026-02-15T06:00:00Z,2026-02-14T18:00:00Z,2026-02-14T18:00:00Z,2026-01-31,0.664203,0.650135,0.657169
2026-02-15T12:00:00Z,2026-02-15,2026-02-15T06:00:00Z,2026-02-14T18:00:00Z,2026-02-14T18:00:00Z,2026-01-31,0.695145,0.680937,0.688041
2026-02-15T13:00:00Z,2026-02-15,2026-02-15T06:00:00Z,2026-02-14T18:00:00Z,2026-02-14T18:00:00Z,2026-01-31,0.603315,0.589901,0.596608
2026-02-15T14:00:00Z,2026-02-15,2026-02-15T06:00:00Z,2026-02-14T18:00:00Z,2026-02-14T18:00:00Z,2026-01-31,0.567396,0.554261,0.560828
2026-02-15T15:00:00Z,2026-02-15,2026-02-15T06:00:00Z,2026-02-14T18:00:00Z,2026-02-14T18:00:00Z,2026-01-31,0.540029,0.527107,0.533568
2026-02-15T16:00:00Z,2026-02-15,2026-02-15T06:00:00Z,2026-02-14T18:00:00Z,2026-02-14T18:00:00Z,2026-01-31,0.424444,0.411893,0.418168
2026-02-15T17:00:00Z,2026-02-15,2026-02-15T06:00:00Z,2026-02-14T18:00:00Z,2026-02-14T18:00:00Z,2026-01-31,0.30419,0.293023,0.298606
2026-02-15T18:00:00Z,2026-02-15,2026-02-15T06:00:00Z,2026-02-14T18:00:00Z,2026-02-14T18:00:00Z,2026-01-31,0.260925,0.2507,0.255812
2026-02-15T19:00:00Z,2026-02-15,2026-02-15T06:00:00Z,2026-02-14T18:00:00Z,2026-02-14T18:00:00Z,2026-01-31,0.21319,0.204344,0.208767
2026-02-15T20:00:00Z,2026-02-15,2026-02-15T06:00:00Z,2026-02-14T18:00:00Z,2026-02-14T18:00:00Z,2026-01-31,0.298924,0.28787,0.293397
2026-02-15T21:00:00Z,2026-02-15,2026-02-15T06:00:00Z,2026-02-14T18:00:00Z,2026-02-14T18:00:00Z,2026-01-31,0.328432,0.316803,0.322618
2026-02-15T22:00:00Z,2026-02-15,2026-02-15T06:00:00Z,2026-02-14T18:00:00Z,2026-02-14T18:00:00Z,2026-01-31,0.364467,0.352405,0.358436
2026-02-15T23:00:00Z,2026-02-15,2026-02-15T06:00:00Z,2026-02-14T18:00:00Z,2026-02-14T18:00:00Z,2026-01-31,0.390598,0.378239,0.384418
2026-02-16T00:00:00Z,2026-02-15,2026-02-15T06:00:00Z,2026-02-14T18:00:00Z,2026-02-14T18:00:00Z,2026-01-31,0.351495,0.339588,0.345542
2026-02-16T01:00:00Z,2026-02-15,2026-02-15T06:00:00Z,2026-02-14T18:00:00Z,2026-02-14T18:00:00Z,2026-01-31,0.17129,0.163771,0.16753
2026-02-16T02:00:00Z,2026-02-15,2026-02-15T06:00:00Z,2026-02-14T18:00:00Z,2026-02-14T18:00:00Z,2026-01-31,0.145091,0.138492,0.141792
2026-02-16T03:00:00Z,2026-02-15,2026-02-15T06:00:00Z,2026-02-14T18:00:00Z,2026-02-14T18:00:00Z,2026-01-31,0.189463,0.181364,0.185414
2026-02-16T04:00:00Z,2026-02-15,2026-02-15T06:00:00Z,2026-02-14T18:00:00Z,2026-02-14T18:00:00Z,2026-01-31,0.392137,0.379769,0.385953
2026-02-16T05:00:00Z,2026-02-15,2026-02-15T06:00:00Z,2026-02-14T18:00:00Z,2026-02-14T18:00:00Z,2026-01-31,0.515222,0.502392,0.508807
2026-02-16T06:00:00Z,2026-02-16,2026-02-16T06:00:00Z,2026-02-15T18:00:00Z,2026-02-15T18:00:00Z,2026-01-31,0.410598,0.398125,0.404362
2026-02-16T07:00:00Z,2026-02-16,2026-02-16T06:00:00Z,2026-02-15T18:00:00Z,2026-02-15T18:00:00Z,2026-01-31,0.309456,0.298176,0.303816
2026-02-16T08:00:00Z,2026-02-16,2026-02-16T06:00:00Z,2026-02-15T18:00:00Z,2026-02-15T18:00:00Z,2026-01-31,0.280493,0.269836,0.275165
2026-02-16T09:00:00Z,2026-02-16,2026-02-16T06:00:00Z,2026-02-15T18:00:00Z,2026-02-15T18:00:00Z,2026-01-31,0.187444,0.179409,0.183426
2026-02-16T10:00:00Z,2026-02-16,2026-02-16T06:00:00Z,2026-02-15T18:00:00Z,2026-02-15T18:00:00Z,2026-01-31,0.138173,0.131825,0.134999
2026-02-16T11:00:00Z,2026-02-16,2026-02-16T06:00:00Z,2026-02-15T18:00:00Z,2026-02-15T18:00:00Z,2026-01-31,0.227161,0.217912,0.222536
2026-02-16T12:00:00Z,2026-02-16,2026-02-16T06:00:00Z,2026-02-15T18:00:00Z,2026-02-15T18:00:00Z,2026-01-31,0.196531,0.188205,0.192368
2026-02-16T13:00:00Z,2026-02-16,2026-02-16T06:00:00Z,2026-02-15T18:00:00Z,2026-02-15T18:00:00Z,2026-01-31,0.280493,0.269836,0.275165
2026-02-16T14:00:00Z,2026-02-16,2026-02-16T06:00:00Z,2026-02-15T18:00:00Z,2026-02-15T18:00:00Z,2026-01-31,0.298924,0.28787,0.293397
2026-02-16T15:00:00Z,2026-02-16,2026-02-16T06:00:00Z,2026-02-15T18:00:00Z,2026-02-15T18:00:00Z,2026-01-31,0.309456,0.298176,0.303816
2026-02-16T16:00:00Z,2026-02-16,2026-02-16T06:00:00Z,2026-02-15T18:00:00Z,2026-02-15T18:00:00Z,2026-01-31,0.33708,0.325347,0.331213
2026-02-16T17:00:00Z,2026-02-16,2026-02-16T06:00:00Z,2026-02-15T18:00:00Z,2026-02-15T18:00:00Z,2026-01-31,0.22134,0.212259,0.2168
2026-02-16T18:00:00Z,2026-02-16,2026-02-16T06:00:00Z,2026-02-15T18:00:00Z,2026-02-15T18:00:00Z,2026-01-31,0.19754,0.189182,0.193361
2026-02-16T19:00:00Z,2026-02-16,2026-02-16T06:00:00Z,2026-02-15T18:00:00Z,2026-02-15T18:00:00Z,2026-01-31,0.185425,0.177454,0.18144
2026-02-16T20:00:00Z,2026-02-16,2026-02-16T06:00:00Z,2026-02-15T18:00:00Z,2026-02-15T18:00:00Z,2026-01-31,0.268644,0.258243,0.263443
2026-02-16T21:00:00Z,2026-02-16,2026-02-16T06:00:00Z,2026-02-15T18:00:00Z,2026-02-15T18:00:00Z,2026-01-31,0.318671,0.307193,0.312932
2026-02-16T22:00:00Z,2026-02-16,2026-02-16T06:00:00Z,2026-02-15T18:00:00Z,2026-02-15T18:00:00Z,2026-01-31,0.396752,0.384358,0.390555
2026-02-16T23:00:00Z,2026-02-16,2026-02-16T06:00:00Z,2026-02-15T18:00:00Z,2026-02-15T18:00:00Z,2026-01-31,0.310772,0.299464,0.305118
2026-02-17T00:00:00Z,2026-02-16,2026-02-16T06:00:00Z,2026-02-15T18:00:00Z,2026-02-15T18:00:00Z,2026-01-31,0.182396,0.174522,0.178459
2026-02-17T01:00:00Z,2026-02-16,2026-02-16T06:00:00Z,2026-02-15T18:00:00Z,2026-02-15T18:00:00Z,2026-01-31,0.078739,0.074658,0.076699
2026-02-17T02:00:00Z,2026-02-16,2026-02-16T06:00:00Z,2026-02-15T18:00:00Z,2026-02-15T18:00:00Z,2026-01-31,0.091068,0.086509,0.088788
2026-02-17T03:00:00Z,2026-02-16,2026-02-16T06:00:00Z,2026-02-15T18:00:00Z,2026-02-15T18:00:00Z,2026-01-31,0.072868,0.069015,0.070942
2026-02-17T04:00:00Z,2026-02-16,2026-02-16T06:00:00Z,2026-02-15T18:00:00Z,2026-02-15T18:00:00Z,2026-01-31,0.081674,0.07748,0.079577
2026-02-17T05:00:00Z,2026-02-16,2026-02-16T06:00:00Z,2026-02-15T18:00:00Z,2026-02-15T18:00:00Z,2026-01-31,0.119243,0.113596,0.11642
2026-02-17T06:00:00Z,2026-02-17,2026-02-17T06:00:00Z,2026-02-16T18:00:00Z,2026-02-16T18:00:00Z,2026-01-31,0.104769,0.099681,0.102225
2026-02-17T07:00:00Z,2026-02-17,2026-02-17T06:00:00Z,2026-02-16T18:00:00Z,2026-02-16T18:00:00Z,2026-01-31,0.140767,0.134325,0.137546
2026-02-17T08:00:00Z,2026-02-17,2026-02-17T06:00:00Z,2026-02-16T18:00:00Z,2026-02-16T18:00:00Z,2026-01-31,0.114901,0.109421,0.112161
2026-02-17T09:00:00Z,2026-02-17,2026-02-17T06:00:00Z,2026-02-16T18:00:00Z,2026-02-16T18:00:00Z,2026-01-31,0.114901,0.109421,0.112161
2026-02-17T10:00:00Z,2026-02-17,2026-02-17T06:00:00Z,2026-02-16T18:00:00Z,2026-02-16T18:00:00Z,2026-01-31,0.145091,0.138492,0.141792
2026-02-17T11:00:00Z,2026-02-17,2026-02-17T06:00:00Z,2026-02-16T18:00:00Z,2026-02-16T18:00:00Z,2026-01-31,0.201579,0.193092,0.197335
2026-02-17T12:00:00Z,2026-02-17,2026-02-17T06:00:00Z,2026-02-16T18:00:00Z,2026-02-16T18:00:00Z,2026-01-31,0.363026,0.350981,0.357004
2026-02-17T13:00:00Z,2026-02-17,2026-02-17T06:00:00Z,2026-02-16T18:00:00Z,2026-02-16T18:00:00Z,2026-01-31,0.405983,0.393536,0.399759
2026-02-17T14:00:00Z,2026-02-17,2026-02-17T06:00:00Z,2026-02-16T18:00:00Z,2026-02-16T18:00:00Z,2026-01-31,0.497342,0.484539,0.490941
2026-02-17T15:00:00Z,2026-02-17,2026-02-17T06:00:00Z,2026-02-16T18:00:00Z,2026-02-16T18:00:00Z,2026-01-31,0.601605,0.588204,0.594904
2026-02-17T16:00:00Z,2026-02-17,2026-02-17T06:00:00Z,2026-02-16T18:00:00Z,2026-02-16T18:00:00Z,2026-01-31,0.610175,0.596704,0.60344
2026-02-17T17:00:00Z,2026-02-17,2026-02-17T06:00:00Z,2026-02-16T18:00:00Z,2026-02-16T18:00:00Z,2026-01-31,0.502218,0.489408,0.495813
2026-02-17T18:00:00Z,2026-02-17,2026-02-17T06:00:00Z,2026-02-16T18:00:00Z,2026-02-16T18:00:00Z,2026-01-31,0.47621,0.463441,0.469826
2026-02-17T19:00:00Z,2026-02-17,2026-02-17T06:00:00Z,2026-02-16T18:00:00Z,2026-02-16T18:00:00Z,2026-01-31,0.49084,0.478048,0.484444
2026-02-17T20:00:00Z,2026-02-17,2026-02-17T06:00:00Z,2026-02-16T18:00:00Z,2026-02-16T18:00:00Z,2026-01-31,0.570817,0.557655,0.564236
2026-02-17T21:00:00Z,2026-02-17,2026-02-17T06:00:00Z,2026-02-16T18:00:00Z,2026-02-16T18:00:00Z,2026-01-31,0.412137,0.399655,0.405896
2026-02-17T22:00:00Z,2026-02-17,2026-02-17T06:00:00Z,2026-02-16T18:00:00Z,2026-02-16T18:00:00Z,2026-01-31,0.405983,0.393536,0.399759
2026-02-17T23:00:00Z,2026-02-17,2026-02-17T06:00:00Z,2026-02-16T18:00:00Z,2026-02-16T18:00:00Z,2026-01-31,0.455213,0.442487,0.44885
2026-02-18T00:00:00Z,2026-02-17,2026-02-17T06:00:00Z,2026-02-16T18:00:00Z,2026-02-16T18:00:00Z,2026-01-31,0.505469,0.492654,0.499061
2026-02-18T01:00:00Z,2026-02-17,2026-02-17T06:00:00Z,2026-02-16T18:00:00Z,2026-02-16T18:00:00Z,2026-01-31,0.596473,0.583113,0.589793
2026-02-18T02:00:00Z,2026-02-17,2026-02-17T06:00:00Z,2026-02-16T18:00:00Z,2026-02-16T18:00:00Z,2026-01-31,0.708249,0.694293,0.701271
2026-02-18T03:00:00Z,2026-02-17,2026-02-17T06:00:00Z,2026-02-16T18:00:00Z,2026-02-16T18:00:00Z,2026-01-31,0.636318,0.622558,0.629438
2026-02-18T04:00:00Z,2026-02-17,2026-02-17T06:00:00Z,2026-02-16T18:00:00Z,2026-02-16T18:00:00Z,2026-01-31,0.706611,0.692623,0.699617
2026-02-18T05:00:00Z,2026-02-17,2026-02-17T06:00:00Z,2026-02-16T18:00:00Z,2026-02-16T18:00:00Z,2026-01-31,0.847946,0.839421,0.843684
2026-02-18T06:00:00Z,2026-02-18,2026-02-18T06:00:00Z,2026-02-17T18:00:00Z,2026-02-17T18:00:00Z,2026-01-31,0.929591,0.922673,0.926132
2026-02-18T07:00:00Z,2026-02-18,2026-02-18T06:00:00Z,2026-02-17T18:00:00Z,2026-02-17T18:00:00Z,2026-01-31,0.913701,0.906657,0.910179
2026-02-18T08:00:00Z,2026-02-18,2026-02-18T06:00:00Z,2026-02-17T18:00:00Z,2026-02-17T18:00:00Z,2026-01-31,0.873527,0.866098,0.869813
2026-02-18T09:00:00Z,2026-02-18,2026-02-18T06:00:00Z,2026-02-17T18:00:00Z,2026-02-17T18:00:00Z,2026-01-31,0.857956,0.84986,0.853908
2026-02-18T10:00:00Z,2026-02-18,2026-02-18T06:00:00Z,2026-02-17T18:00:00Z,2026-02-17T18:00:00Z,2026-01-31,0.770796,0.758321,0.764559
2026-02-18T11:00:00Z,2026-02-18,2026-02-18T06:00:00Z,2026-02-17T18:00:00Z,2026-02-17T18:00:00Z,2026-01-31,0.860181,0.852179,0.85618
2026-02-18T12:00:00Z,2026-02-18,2026-02-18T06:00:00Z,2026-02-17T18:00:00Z,2026-02-17T18:00:00Z,2026-01-31,0.726266,0.712656,0.719461
2026-02-18T13:00:00Z,2026-02-18,2026-02-18T06:00:00Z,2026-02-17T18:00:00Z,2026-02-17T18:00:00Z,2026-01-31,0.466457,0.453703,0.46008
2026-02-18T14:00:00Z,2026-02-18,2026-02-18T06:00:00Z,2026-02-17T18:00:00Z,2026-02-17T18:00:00Z,2026-01-31,0.533187,0.520318,0.526752
2026-02-18T15:00:00Z,2026-02-18,2026-02-18T06:00:00Z,2026-02-17T18:00:00Z,2026-02-17T18:00:00Z,2026-01-31,0.500593,0.487785,0.494189
2026-02-18T16:00:00Z,2026-02-18,2026-02-18T06:00:00Z,2026-02-17T18:00:00Z,2026-02-17T18:00:00Z,2026-01-31,0.416752,0.404244,0.410498
2026-02-18T17:00:00Z,2026-02-18,2026-02-18T06:00:00Z,2026-02-17T18:00:00Z,2026-02-17T18:00:00Z,2026-01-31,0.345729,0.333892,0.339811
2026-02-18T18:00:00Z,2026-02-18,2026-02-18T06:00:00Z,2026-02-17T18:00:00Z,2026-02-17T18:00:00Z,2026-01-31,0.293658,0.282718,0.288188
2026-02-18T19:00:00Z,2026-02-18,2026-02-18T06:00:00Z,2026-02-17T18:00:00Z,2026-02-17T18:00:00Z,2026-01-31,0.32699,0.315379,0.321184
2026-02-18T20:00:00Z,2026-02-18,2026-02-18T06:00:00Z,2026-02-17T18:00:00Z,2026-02-17T18:00:00Z,2026-01-31,0.196531,0.188205,0.192368
2026-02-18T21:00:00Z,2026-02-18,2026-02-18T06:00:00Z,2026-02-17T18:00:00Z,2026-02-17T18:00:00Z,2026-01-31,0.19855,0.19016,0.194355
2026-02-18T22:00:00Z,2026-02-18,2026-02-18T06:00:00Z,2026-02-17T18:00:00Z,2026-02-17T18:00:00Z,2026-01-31,0.183406,0.175499,0.179453
2026-02-18T23:00:00Z,2026-02-18,2026-02-18T06:00:00Z,2026-02-17T18:00:00Z,2026-02-17T18:00:00Z,2026-01-31,0.202588,0.194069,0.198328
2026-02-19T00:00:00Z,2026-02-18,2026-02-18T06:00:00Z,2026-02-17T18:00:00Z,2026-02-17T18:00:00Z,2026-01-31,0.181386,0.173545,0.177465
2026-02-19T01:00:00Z,2026-02-18,2026-02-18T06:00:00Z,2026-02-17T18:00:00Z,2026-02-17T18:00:00Z,2026-01-31,0.120691,0.114988,0.11784
2026-02-19T02:00:00Z,2026-02-18,2026-02-18T06:00:00Z,2026-02-17T18:00:00Z,2026-02-17T18:00:00Z,2026-01-31,0.15547,0.148492,0.151981
2026-02-19T03:00:00Z,2026-02-18,2026-02-18T06:00:00Z,2026-02-17T18:00:00Z,2026-02-17T18:00:00Z,2026-01-31,0.215519,0.206605,0.211062
2026-02-19T04:00:00Z,2026-02-18,2026-02-18T06:00:00Z,2026-02-17T18:00:00Z,2026-02-17T18:00:00Z,2026-01-31,0.424444,0.411893,0.418168
2026-02-19T05:00:00Z,2026-02-18,2026-02-18T06:00:00Z,2026-02-17T18:00:00Z,2026-02-17T18:00:00Z,2026-01-31,0.178358,0.170613,0.174485
2026-02-19T06:00:00Z,2026-02-19,2026-02-19T06:00:00Z,2026-02-18T18:00:00Z,2026-02-18T18:00:00Z,2026-01-31,0.249282,0.239394,0.244338
2026-02-19T07:00:00Z,2026-02-19,2026-02-19T06:00:00Z,2026-02-18T18:00:00Z,2026-02-18T18:00:00Z,2026-01-31,0.144227,0.137658,0.140942
2026-02-19T08:00:00Z,2026-02-19,2026-02-19T06:00:00Z,2026-02-18T18:00:00Z,2026-02-18T18:00:00Z,2026-01-31,0.131254,0.125158,0.128206
2026-02-19T09:00:00Z,2026-02-19,2026-02-19T06:00:00Z,2026-02-18T18:00:00Z,2026-02-18T18:00:00Z,2026-01-31,0.113454,0.10803,0.110742
2026-02-19T10:00:00Z,2026-02-19,2026-02-19T06:00:00Z,2026-02-18T18:00:00Z,2026-02-18T18:00:00Z,2026-01-31,0.088132,0.083687,0.085909
2026-02-19T11:00:00Z,2026-02-19,2026-02-19T06:00:00Z,2026-02-18T18:00:00Z,2026-02-18T18:00:00Z,2026-01-31,0.064182,0.060669,0.062426
2026-02-19T12:00:00Z,2026-02-19,2026-02-19T06:00:00Z,2026-02-18T18:00:00Z,2026-02-18T18:00:00Z,2026-01-31,0.122862,0.117075,0.119969
2026-02-19T13:00:00Z,2026-02-19,2026-02-19T06:00:00Z,2026-02-18T18:00:00Z,2026-02-18T18:00:00Z,2026-01-31,0.012904,0.012217,0.012561
2026-02-19T14:00:00Z,2026-02-19,2026-02-19T06:00:00Z,2026-02-18T18:00:00Z,2026-02-18T18:00:00Z,2026-01-31,0.069933,0.066193,0.068063
2026-02-19T15:00:00Z,2026-02-19,2026-02-19T06:00:00Z,2026-02-18T18:00:00Z,2026-02-18T18:00:00Z,2026-01-31,0.151145,0.144325,0.147735
2026-02-19T16:00:00Z,2026-02-19,2026-02-19T06:00:00Z,2026-02-18T18:00:00Z,2026-02-18T18:00:00Z,2026-01-31,0.130389,0.124325,0.127357
2026-02-19T17:00:00Z,2026-02-19,2026-02-19T06:00:00Z,2026-02-18T18:00:00Z,2026-02-18T18:00:00Z,2026-01-31,0.22134,0.212259,0.2168
2026-02-19T18:00:00Z,2026-02-19,2026-02-19T06:00:00Z,2026-02-18T18:00:00Z,2026-02-18T18:00:00Z,2026-01-31,0.324108,0.312531,0.318319
2026-02-19T19:00:00Z,2026-02-19,2026-02-19T06:00:00Z,2026-02-18T18:00:00Z,2026-02-18T18:00:00Z,2026-01-31,0.461581,0.448835,0.455208
2026-02-19T20:00:00Z,2026-02-19,2026-02-19T06:00:00Z,2026-02-18T18:00:00Z,2026-02-18T18:00:00Z,2026-01-31,0.521724,0.508883,0.515303
2026-02-19T21:00:00Z,2026-02-19,2026-02-19T06:00:00Z,2026-02-18T18:00:00Z,2026-02-18T18:00:00Z,2026-01-31,0.52335,0.510506,0.516928
2026-02-19T22:00:00Z,2026-02-19,2026-02-19T06:00:00Z,2026-02-18T18:00:00Z,2026-02-18T18:00:00Z,2026-01-31,0.444444,0.431779,0.438111
2026-02-19T23:00:00Z,2026-02-19,2026-02-19T06:00:00Z,2026-02-18T18:00:00Z,2026-02-18T18:00:00Z,2026-01-31,0.505469,0.492654,0.499061
2026-02-20T00:00:00Z,2026-02-19,2026-02-19T06:00:00Z,2026-02-18T18:00:00Z,2026-02-18T18:00:00Z,2026-01-31,0.54174,0.528804,0.535272
2026-02-20T01:00:00Z,2026-02-19,2026-02-19T06:00:00Z,2026-02-18T18:00:00Z,2026-02-18T18:00:00Z,2026-01-31,0.610175,0.596704,0.60344
2026-02-20T02:00:00Z,2026-02-19,2026-02-19T06:00:00Z,2026-02-18T18:00:00Z,2026-02-18T18:00:00Z,2026-01-31,0.652003,0.63807,0.645037
2026-02-20T03:00:00Z,2026-02-19,2026-02-19T06:00:00Z,2026-02-18T18:00:00Z,2026-02-18T18:00:00Z,2026-01-31,0.593053,0.579718,0.586386
2026-02-20T04:00:00Z,2026-02-19,2026-02-19T06:00:00Z,2026-02-18T18:00:00Z,2026-02-18T18:00:00Z,2026-01-31,0.335639,0.323923,0.329781
2026-02-20T05:00:00Z,2026-02-19,2026-02-19T06:00:00Z,2026-02-18T18:00:00Z,2026-02-18T18:00:00Z,2026-01-31,0.181386,0.173545,0.177465
2026-02-20T06:00:00Z,2026-02-20,2026-02-20T06:00:00Z,2026-02-19T18:00:00Z,2026-02-19T18:00:00Z,2026-01-31,0.158929,0.151825,0.155377
2026-02-20T07:00:00Z,2026-02-20,2026-02-20T06:00:00Z,2026-02-19T18:00:00Z,2026-02-19T18:00:00Z,2026-01-31,0.158064,0.150992,0.154528
2026-02-20T08:00:00Z,2026-02-20,2026-02-20T06:00:00Z,2026-02-19T18:00:00Z,2026-02-19T18:00:00Z,2026-01-31,0.111282,0.105943,0.108613
2026-02-20T09:00:00Z,2026-02-20,2026-02-20T06:00:00Z,2026-02-19T18:00:00Z,2026-02-19T18:00:00Z,2026-01-31,0.071107,0.067322,0.069215
2026-02-20T10:00:00Z,2026-02-20,2026-02-20T06:00:00Z,2026-02-19T18:00:00Z,2026-02-19T18:00:00Z,2026-01-31,0.039534,0.03726,0.038397
2026-02-20T11:00:00Z,2026-02-20,2026-02-20T06:00:00Z,2026-02-19T18:00:00Z,2026-02-19T18:00:00Z,2026-01-31,0.023371,0.022046,0.022708
2026-02-20T12:00:00Z,2026-02-20,2026-02-20T06:00:00Z,2026-02-19T18:00:00Z,2026-02-19T18:00:00Z,2026-01-31,0.025017,0.023597,0.024307
2026-02-20T13:00:00Z,2026-02-20,2026-02-20T06:00:00Z,2026-02-19T18:00:00Z,2026-02-19T18:00:00Z,2026-01-31,0.013469,0.012735,0.013102
2026-02-20T14:00:00Z,2026-02-20,2026-02-20T06:00:00Z,2026-02-19T18:00:00Z,2026-02-19T18:00:00Z,2026-01-31,0.093913,0.089244,0.091579
2026-02-20T15:00:00Z,2026-02-20,2026-02-20T06:00:00Z,2026-02-19T18:00:00Z,2026-02-19T18:00:00Z,2026-01-31,0.373116,0.360949,0.367032
2026-02-20T16:00:00Z,2026-02-20,2026-02-20T06:00:00Z,2026-02-19T18:00:00Z,2026-02-19T18:00:00Z,2026-01-31,0.511971,0.499146,0.505559
2026-02-20T17:00:00Z,2026-02-20,2026-02-20T06:00:00Z,2026-02-19T18:00:00Z,2026-02-19T18:00:00Z,2026-01-31,0.653746,0.639793,0.646769
2026-02-20T18:00:00Z,2026-02-20,2026-02-20T06:00:00Z,2026-02-19T18:00:00Z,2026-02-19T18:00:00Z,2026-01-31,0.671175,0.657029,0.664102
2026-02-20T19:00:00Z,2026-02-20,2026-02-20T06:00:00Z,2026-02-19T18:00:00Z,2026-02-19T18:00:00Z,2026-01-31,0.615403,0.601875,0.608639
2026-02-20T20:00:00Z,2026-02-20,2026-02-20T06:00:00Z,2026-02-19T18:00:00Z,2026-02-19T18:00:00Z,2026-01-31,0.536608,0.523712,0.53016
2026-02-20T21:00:00Z,2026-02-20,2026-02-20T06:00:00Z,2026-02-19T18:00:00Z,2026-02-19T18:00:00Z,2026-01-31,0.498967,0.486162,0.492564
2026-02-20T22:00:00Z,2026-02-20,2026-02-20T06:00:00Z,2026-02-19T18:00:00Z,2026-02-19T18:00:00Z,2026-01-31,0.427521,0.414952,0.421237
2026-02-20T23:00:00Z,2026-02-20,2026-02-20T06:00:00Z,2026-02-19T18:00:00Z,2026-02-19T18:00:00Z,2026-01-31,0.354377,0.342436,0.348407
2026-02-21T00:00:00Z,2026-02-20,2026-02-20T06:00:00Z,2026-02-19T18:00:00Z,2026-02-19T18:00:00Z,2026-01-31,0.201579,0.193092,0.197335
2026-02-21T01:00:00Z,2026-02-20,2026-02-20T06:00:00Z,2026-02-19T18:00:00Z,2026-02-19T18:00:00Z,2026-01-31,0.123586,0.117771,0.120678
2026-02-21T02:00:00Z,2026-02-20,2026-02-20T06:00:00Z,2026-02-19T18:00:00Z,2026-02-19T18:00:00Z,2026-01-31,0.097531,0.092723,0.095127
2026-02-21T03:00:00Z,2026-02-20,2026-02-20T06:00:00Z,2026-02-19T18:00:00Z,2026-02-19T18:00:00Z,2026-01-31,0.180377,0.172567,0.176472
2026-02-21T04:00:00Z,2026-02-20,2026-02-20T06:00:00Z,2026-02-19T18:00:00Z,2026-02-19T18:00:00Z,2026-01-31,0.011475,0.010946,0.01121
2026-02-21T05:00:00Z,2026-02-20,2026-02-20T06:00:00Z,2026-02-19T18:00:00Z,2026-02-19T18:00:00Z,2026-01-31,0.380323,0.368069,0.374196
2026-02-21T06:00:00Z,2026-02-21,2026-02-21T06:00:00Z,2026-02-20T18:00:00Z,2026-02-20T18:00:00Z,2026-01-31,0.961348,0.956411,0.958879
2026-02-21T07:00:00Z,2026-02-21,2026-02-21T06:00:00Z,2026-02-20T18:00:00Z,2026-02-20T18:00:00Z,2026-01-31,0.96671,0.961823,0.964266
2026-02-21T08:00:00Z,2026-02-21,2026-02-21T06:00:00Z,2026-02-20T18:00:00Z,2026-02-20T18:00:00Z,2026-01-31,0.962522,0.957646,0.960084
2026-02-21T09:00:00Z,2026-02-21,2026-02-21T06:00:00Z,2026-02-20T18:00:00Z,2026-02-20T18:00:00Z,2026-01-31,0.967268,0.962244,0.964756
2026-02-21T10:00:00Z,2026-02-21,2026-02-21T06:00:00Z,2026-02-20T18:00:00Z,2026-02-20T18:00:00Z,2026-01-31,0.937706,0.930852,0.934279
2026-02-21T11:00:00Z,2026-02-21,2026-02-21T06:00:00Z,2026-02-20T18:00:00Z,2026-02-20T18:00:00Z,2026-01-31,0.852395,0.84406,0.848228
2026-02-21T12:00:00Z,2026-02-21,2026-02-21T06:00:00Z,2026-02-20T18:00:00Z,2026-02-20T18:00:00Z,2026-01-31,0.641546,0.627728,0.634637
2026-02-21T13:00:00Z,2026-02-21,2026-02-21T06:00:00Z,2026-02-20T18:00:00Z,2026-02-20T18:00:00Z,2026-01-31,0.396752,0.384358,0.390555
2026-02-21T14:00:00Z,2026-02-21,2026-02-21T06:00:00Z,2026-02-20T18:00:00Z,2026-02-20T18:00:00Z,2026-01-31,0.407521,0.395066,0.401293
2026-02-21T15:00:00Z,2026-02-21,2026-02-21T06:00:00Z,2026-02-20T18:00:00Z,2026-02-20T18:00:00Z,2026-01-31,0.392137,0.379769,0.385953
2026-02-21T16:00:00Z,2026-02-21,2026-02-21T06:00:00Z,2026-02-20T18:00:00Z,2026-02-20T18:00:00Z,2026-01-31,0.257432,0.247308,0.25237
2026-02-21T17:00:00Z,2026-02-21,2026-02-21T06:00:00Z,2026-02-20T18:00:00Z,2026-02-20T18:00:00Z,2026-01-31,0.232983,0.223565,0.228274
2026-02-21T18:00:00Z,2026-02-21,2026-02-21T06:00:00Z,2026-02-20T18:00:00Z,2026-02-20T18:00:00Z,2026-01-31,0.189463,0.181364,0.185414
2026-02-21T19:00:00Z,2026-02-21,2026-02-21T06:00:00Z,2026-02-20T18:00:00Z,2026-02-20T18:00:00Z,2026-01-31,0.136443,0.130158,0.1333
2026-02-21T20:00:00Z,2026-02-21,2026-02-21T06:00:00Z,2026-02-20T18:00:00Z,2026-02-20T18:00:00Z,2026-01-31,0.145091,0.138492,0.141792
2026-02-21T21:00:00Z,2026-02-21,2026-02-21T06:00:00Z,2026-02-20T18:00:00Z,2026-02-20T18:00:00Z,2026-01-31,0.071107,0.067322,0.069215
2026-02-21T22:00:00Z,2026-02-21,2026-02-21T06:00:00Z,2026-02-20T18:00:00Z,2026-02-20T18:00:00Z,2026-01-31,0.019035,0.017958,0.018496
2026-02-21T23:00:00Z,2026-02-21,2026-02-21T06:00:00Z,2026-02-20T18:00:00Z,2026-02-20T18:00:00Z,2026-01-31,0.011241,0.010748,0.010995
2026-02-22T00:00:00Z,2026-02-21,2026-02-21T06:00:00Z,2026-02-20T18:00:00Z,2026-02-20T18:00:00Z,2026-01-31,0.012114,0.011492,0.011803
2026-02-22T01:00:00Z,2026-02-21,2026-02-21T06:00:00Z,2026-02-20T18:00:00Z,2026-02-20T18:00:00Z,2026-01-31,0.013864,0.013097,0.01348
2026-02-22T02:00:00Z,2026-02-21,2026-02-21T06:00:00Z,2026-02-20T18:00:00Z,2026-02-20T18:00:00Z,2026-01-31,0.041485,0.039095,0.04029
2026-02-22T03:00:00Z,2026-02-21,2026-02-21T06:00:00Z,2026-02-20T18:00:00Z,2026-02-20T18:00:00Z,2026-01-31,0.201579,0.193092,0.197335
2026-02-22T04:00:00Z,2026-02-21,2026-02-21T06:00:00Z,2026-02-20T18:00:00Z,2026-02-20T18:00:00Z,2026-01-31,0.255104,0.245047,0.250076
2026-02-22T05:00:00Z,2026-02-21,2026-02-21T06:00:00Z,2026-02-20T18:00:00Z,2026-02-20T18:00:00Z,2026-01-31,0.444444,0.431779,0.438111
2026-02-22T06:00:00Z,2026-02-22,2026-02-22T06:00:00Z,2026-02-21T18:00:00Z,2026-02-21T18:00:00Z,2026-01-31,0.798831,0.787881,0.793356
2026-02-22T07:00:00Z,2026-02-22,2026-02-22T06:00:00Z,2026-02-21T18:00:00Z,2026-02-21T18:00:00Z,2026-01-31,0.903899,0.896794,0.900346
2026-02-22T08:00:00Z,2026-02-22,2026-02-22T06:00:00Z,2026-02-21T18:00:00Z,2026-02-21T18:00:00Z,2026-01-31,0.903899,0.896794,0.900346
2026-02-22T09:00:00Z,2026-02-22,2026-02-22T06:00:00Z,2026-02-21T18:00:00Z,2026-02-21T18:00:00Z,2026-01-31,0.847946,0.839421,0.843684
2026-02-22T10:00:00Z,2026-02-22,2026-02-22T06:00:00Z,2026-02-21T18:00:00Z,2026-02-21T18:00:00Z,2026-01-31,0.698421,0.684276,0.691348
2026-02-22T11:00:00Z,2026-02-22,2026-02-22T06:00:00Z,2026-02-21T18:00:00Z,2026-02-21T18:00:00Z,2026-01-31,0.54345,0.530501,0.536976
2026-02-22T12:00:00Z,2026-02-22,2026-02-22T06:00:00Z,2026-02-21T18:00:00Z,2026-02-21T18:00:00Z,2026-01-31,0.513597,0.500769,0.507183
2026-02-22T13:00:00Z,2026-02-22,2026-02-22T06:00:00Z,2026-02-21T18:00:00Z,2026-02-21T18:00:00Z,2026-01-31,0.321304,0.309769,0.315536
2026-02-22T14:00:00Z,2026-02-22,2026-02-22T06:00:00Z,2026-02-21T18:00:00Z,2026-02-21T18:00:00Z,2026-01-31,0.143362,0.136825,0.140093
2026-02-22T15:00:00Z,2026-02-22,2026-02-22T06:00:00Z,2026-02-21T18:00:00Z,2026-02-21T18:00:00Z,2026-01-31,0.069346,0.065629,0.067488
2026-02-22T16:00:00Z,2026-02-22,2026-02-22T06:00:00Z,2026-02-21T18:00:00Z,2026-02-21T18:00:00Z,2026-01-31,0.052349,0.049407,0.050878
2026-02-22T17:00:00Z,2026-02-22,2026-02-22T06:00:00Z,2026-02-21T18:00:00Z,2026-02-21T18:00:00Z,2026-01-31,0.034658,0.032673,0.033666
2026-02-22T18:00:00Z,2026-02-22,2026-02-22T06:00:00Z,2026-02-21T18:00:00Z,2026-02-21T18:00:00Z,2026-01-31,0.018808,0.017743,0.018276
2026-02-22T19:00:00Z,2026-02-22,2026-02-22T06:00:00Z,2026-02-21T18:00:00Z,2026-02-21T18:00:00Z,2026-01-31,0.019605,0.018496,0.01905
2026-02-22T20:00:00Z,2026-02-22,2026-02-22T06:00:00Z,2026-02-21T18:00:00Z,2026-02-21T18:00:00Z,2026-01-31,0.014485,0.013667,0.014076
2026-02-22T21:00:00Z,2026-02-22,2026-02-22T06:00:00Z,2026-02-21T18:00:00Z,2026-02-21T18:00:00Z,2026-01-31,0.013808,0.013045,0.013427
2026-02-22T22:00:00Z,2026-02-22,2026-02-22T06:00:00Z,2026-02-21T18:00:00Z,2026-02-21T18:00:00Z,2026-01-31,0.019377,0.018281,0.018829
2026-02-22T23:00:00Z,2026-02-22,2026-02-22T06:00:00Z,2026-02-21T18:00:00Z,2026-02-21T18:00:00Z,2026-01-31,0.012679,0.01201,0.012344
2026-02-23T00:00:00Z,2026-02-22,2026-02-22T06:00:00Z,2026-02-21T18:00:00Z,2026-02-21T18:00:00Z,2026-01-31,0.011397,0.01088,0.011138
2026-02-23T01:00:00Z,2026-02-22,2026-02-22T06:00:00Z,2026-02-21T18:00:00Z,2026-02-21T18:00:00Z,2026-01-31,0.019491,0.018388,0.01894
2026-02-23T02:00:00Z,2026-02-22,2026-02-22T06:00:00Z,2026-02-21T18:00:00Z,2026-02-21T18:00:00Z,2026-01-31,0.09536,0.090636,0.092998
2026-02-23T03:00:00Z,2026-02-22,2026-02-22T06:00:00Z,2026-02-21T18:00:00Z,2026-02-21T18:00:00Z,2026-01-31,0.124335,0.118492,0.121414
2026-02-23T04:00:00Z,2026-02-22,2026-02-22T06:00:00Z,2026-02-21T18:00:00Z,2026-02-21T18:00:00Z,2026-01-31,0.104045,0.098985,0.101515
2026-02-23T05:00:00Z,2026-02-22,2026-02-22T06:00:00Z,2026-02-21T18:00:00Z,2026-02-21T18:00:00Z,2026-01-31,0.117072,0.111509,0.11429
2026-02-23T06:00:00Z,2026-02-23,2026-02-23T06:00:00Z,2026-02-22T18:00:00Z,2026-02-22T18:00:00Z,2026-01-31,0.22134,0.212259,0.2168
2026-02-23T07:00:00Z,2026-02-23,2026-02-23T06:00:00Z,2026-02-22T18:00:00Z,2026-02-22T18:00:00Z,2026-01-31,0.363026,0.350981,0.357004
2026-02-23T08:00:00Z,2026-02-23,2026-02-23T06:00:00Z,2026-02-22T18:00:00Z,2026-02-22T18:00:00Z,2026-01-31,0.335639,0.323923,0.329781
2026-02-23T09:00:00Z,2026-02-23,2026-02-23T06:00:00Z,2026-02-22T18:00:00Z,2026-02-22T18:00:00Z,2026-01-31,0.310772,0.299464,0.305118
2026-02-23T10:00:00Z,2026-02-23,2026-02-23T06:00:00Z,2026-02-22T18:00:00Z,2026-02-22T18:00:00Z,2026-01-31,0.341405,0.32962,0.335512
2026-02-23T11:00:00Z,2026-02-23,2026-02-23T06:00:00Z,2026-02-22T18:00:00Z,2026-02-22T18:00:00Z,2026-01-31,0.484338,0.471556,0.477947
2026-02-23T12:00:00Z,2026-02-23,2026-02-23T06:00:00Z,2026-02-22T18:00:00Z,2026-02-22T18:00:00Z,2026-01-31,0.396752,0.384358,0.390555
2026-02-23T13:00:00Z,2026-02-23,2026-02-23T06:00:00Z,2026-02-22T18:00:00Z,2026-02-22T18:00:00Z,2026-01-31,0.413675,0.401185,0.40743
2026-02-23T14:00:00Z,2026-02-23,2026-02-23T06:00:00Z,2026-02-22T18:00:00Z,2026-02-22T18:00:00Z,2026-01-31,0.780608,0.768667,0.774637
2026-02-23T15:00:00Z,2026-02-23,2026-02-23T06:00:00Z,2026-02-22T18:00:00Z,2026-02-22T18:00:00Z,2026-01-31,0.883479,0.876245,0.879862
2026-02-23T16:00:00Z,2026-02-23,2026-02-23T06:00:00Z,2026-02-22T18:00:00Z,2026-02-22T18:00:00Z,2026-01-31,0.924722,0.917765,0.921244
2026-02-23T17:00:00Z,2026-02-23,2026-02-23T06:00:00Z,2026-02-22T18:00:00Z,2026-02-22T18:00:00Z,2026-01-31,0.925804,0.918855,0.92233
2026-02-23T18:00:00Z,2026-02-23,2026-02-23T06:00:00Z,2026-02-22T18:00:00Z,2026-02-22T18:00:00Z,2026-01-31,0.922558,0.915583,0.919071
2026-02-23T19:00:00Z,2026-02-23,2026-02-23T06:00:00Z,2026-02-22T18:00:00Z,2026-02-22T18:00:00Z,2026-01-31,0.891647,0.884465,0.888056
2026-02-23T20:00:00Z,2026-02-23,2026-02-23T06:00:00Z,2026-02-22T18:00:00Z,2026-02-22T18:00:00Z,2026-01-31,0.796028,0.784925,0.790477
2026-02-23T21:00:00Z,2026-02-23,2026-02-23T06:00:00Z,2026-02-22T18:00:00Z,2026-02-22T18:00:00Z,2026-01-31,0.69187,0.677599,0.684735
2026-02-23T22:00:00Z,2026-02-23,2026-02-23T06:00:00Z,2026-02-22T18:00:00Z,2026-02-22T18:00:00Z,2026-01-31,0.622375,0.608769,0.615572
2026-02-23T23:00:00Z,2026-02-23,2026-02-23T06:00:00Z,2026-02-22T18:00:00Z,2026-02-22T18:00:00Z,2026-01-31,0.598184,0.58481,0.591497
2026-02-24T00:00:00Z,2026-02-23,2026-02-23T06:00:00Z,2026-02-22T18:00:00Z,2026-02-22T18:00:00Z,2026-01-31,0.529852,0.516998,0.523425
2026-02-24T01:00:00Z,2026-02-23,2026-02-23T06:00:00Z,2026-02-22T18:00:00Z,2026-02-22T18:00:00Z,2026-01-31,0.487589,0.474802,0.481195
2026-02-24T02:00:00Z,2026-02-23,2026-02-23T06:00:00Z,2026-02-22T18:00:00Z,2026-02-22T18:00:00Z,2026-01-31,0.415213,0.402715,0.408964
2026-02-24T03:00:00Z,2026-02-23,2026-02-23T06:00:00Z,2026-02-22T18:00:00Z,2026-02-22T18:00:00Z,2026-01-31,0.402906,0.390477,0.396691
2026-02-24T04:00:00Z,2026-02-23,2026-02-23T06:00:00Z,2026-02-22T18:00:00Z,2026-02-22T18:00:00Z,2026-01-31,0.47621,0.463441,0.469826
2026-02-24T05:00:00Z,2026-02-23,2026-02-23T06:00:00Z,2026-02-22T18:00:00Z,2026-02-22T18:00:00Z,2026-01-31,0.497342,0.484539,0.490941
2026-02-24T06:00:00Z,2026-02-24,2026-02-24T06:00:00Z,2026-02-23T18:00:00Z,2026-02-23T18:00:00Z,2026-01-31,0.17129,0.163771,0.16753
2026-02-24T07:00:00Z,2026-02-24,2026-02-24T06:00:00Z,2026-02-23T18:00:00Z,2026-02-23T18:00:00Z,2026-01-31,0.15374,0.146825,0.150282
2026-02-24T08:00:00Z,2026-02-24,2026-02-24T06:00:00Z,2026-02-23T18:00:00Z,2026-02-23T18:00:00Z,2026-01-31,0.160659,0.153492,0.157075
2026-02-24T09:00:00Z,2026-02-24,2026-02-24T06:00:00Z,2026-02-23T18:00:00Z,2026-02-23T18:00:00Z,2026-01-31,0.151145,0.144325,0.147735
2026-02-24T10:00:00Z,2026-02-24,2026-02-24T06:00:00Z,2026-02-23T18:00:00Z,2026-02-23T18:00:00Z,2026-01-31,0.12693,0.120992,0.123961
2026-02-24T11:00:00Z,2026-02-24,2026-02-24T06:00:00Z,2026-02-23T18:00:00Z,2026-02-23T18:00:00Z,2026-01-31,0.101874,0.096898,0.099386
2026-02-24T12:00:00Z,2026-02-24,2026-02-24T06:00:00Z,2026-02-23T18:00:00Z,2026-02-23T18:00:00Z,2026-01-31,0.079326,0.075222,0.077274
2026-02-24T13:00:00Z,2026-02-24,2026-02-24T06:00:00Z,2026-02-23T18:00:00Z,2026-02-23T18:00:00Z,2026-01-31,0.05781,0.054605,0.056208
2026-02-24T14:00:00Z,2026-02-24,2026-02-24T06:00:00Z,2026-02-23T18:00:00Z,2026-02-23T18:00:00Z,2026-01-31,0.032057,0.030227,0.031142
2026-02-24T15:00:00Z,2026-02-24,2026-02-24T06:00:00Z,2026-02-23T18:00:00Z,2026-02-23T18:00:00Z,2026-01-31,0.01539,0.014518,0.014954
2026-02-24T16:00:00Z,2026-02-24,2026-02-24T06:00:00Z,2026-02-23T18:00:00Z,2026-02-23T18:00:00Z,2026-01-31,0.011293,0.010792,0.011043
2026-02-24T17:00:00Z,2026-02-24,2026-02-24T06:00:00Z,2026-02-23T18:00:00Z,2026-02-23T18:00:00Z,2026-01-31,0.016187,0.01527,0.015728
2026-02-24T18:00:00Z,2026-02-24,2026-02-24T06:00:00Z,2026-02-23T18:00:00Z,2026-02-23T18:00:00Z,2026-01-31,0.016985,0.016023,0.016504
2026-02-24T19:00:00Z,2026-02-24,2026-02-24T06:00:00Z,2026-02-23T18:00:00Z,2026-02-23T18:00:00Z,2026-01-31,0.013864,0.013097,0.01348
2026-02-24T20:00:00Z,2026-02-24,2026-02-24T06:00:00Z,2026-02-23T18:00:00Z,2026-02-23T18:00:00Z,2026-01-31,0.01313,0.012424,0.012777
2026-02-24T21:00:00Z,2026-02-24,2026-02-24T06:00:00Z,2026-02-23T18:00:00Z,2026-02-23T18:00:00Z,2026-01-31,0.021932,0.020689,0.02131
2026-02-24T22:00:00Z,2026-02-24,2026-02-24T06:00:00Z,2026-02-23T18:00:00Z,2026-02-23T18:00:00Z,2026-01-31,0.062362,0.058937,0.06065
2026-02-24T23:00:00Z,2026-02-24,2026-02-24T06:00:00Z,2026-02-23T18:00:00Z,2026-02-23T18:00:00Z,2026-01-31,0.064182,0.060669,0.062426
2026-02-25T00:00:00Z,2026-02-24,2026-02-24T06:00:00Z,2026-02-23T18:00:00Z,2026-02-23T18:00:00Z,2026-01-31,0.060541,0.057204,0.058872
2026-02-25T01:00:00Z,2026-02-24,2026-02-24T06:00:00Z,2026-02-23T18:00:00Z,2026-02-23T18:00:00Z,2026-01-31,0.098255,0.093419,0.095837
2026-02-25T02:00:00Z,2026-02-24,2026-02-24T06:00:00Z,2026-02-23T18:00:00Z,2026-02-23T18:00:00Z,2026-01-31,0.109111,0.103855,0.106483
2026-02-25T03:00:00Z,2026-02-24,2026-02-24T06:00:00Z,2026-02-23T18:00:00Z,2026-02-23T18:00:00Z,2026-01-31,0.075217,0.071272,0.073245
2026-02-25T04:00:00Z,2026-02-24,2026-02-24T06:00:00Z,2026-02-23T18:00:00Z,2026-02-23T18:00:00Z,2026-01-31,0.060086,0.056771,0.058429
2026-02-25T05:00:00Z,2026-02-24,2026-02-24T06:00:00Z,2026-02-23T18:00:00Z,2026-02-23T18:00:00Z,2026-01-31,0.060086,0.056771,0.058429
2026-02-25T06:00:00Z,2026-02-25,2026-02-25T06:00:00Z,2026-02-24T18:00:00Z,2026-02-24T18:00:00Z,2026-01-31,0.013017,0.01232,0.012668
2026-02-25T07:00:00Z,2026-02-25,2026-02-25T06:00:00Z,2026-02-24T18:00:00Z,2026-02-24T18:00:00Z,2026-01-31,0.010649,0.010274,0.010462
2026-02-25T08:00:00Z,2026-02-25,2026-02-25T06:00:00Z,2026-02-24T18:00:00Z,2026-02-24T18:00:00Z,2026-01-31,0.010672,0.010291,0.010481
2026-02-25T09:00:00Z,2026-02-25,2026-02-25T06:00:00Z,2026-02-24T18:00:00Z,2026-02-24T18:00:00Z,2026-01-31,0.010547,0.010201,0.010374
2026-02-25T10:00:00Z,2026-02-25,2026-02-25T06:00:00Z,2026-02-24T18:00:00Z,2026-02-24T18:00:00Z,2026-01-31,0.010339,0.010051,0.010195
2026-02-25T11:00:00Z,2026-02-25,2026-02-25T06:00:00Z,2026-02-24T18:00:00Z,2026-02-24T18:00:00Z,2026-01-31,0.011241,0.010748,0.010995
2026-02-25T12:00:00Z,2026-02-25,2026-02-25T06:00:00Z,2026-02-24T18:00:00Z,2026-02-24T18:00:00Z,2026-01-31,0.022137,0.020883,0.02151
2026-02-25T13:00:00Z,2026-02-25,2026-02-25T06:00:00Z,2026-02-24T18:00:00Z,2026-02-24T18:00:00Z,2026-01-31,0.017782,0.016776,0.017279
2026-02-25T14:00:00Z,2026-02-25,2026-02-25T06:00:00Z,2026-02-24T18:00:00Z,2026-02-24T18:00:00Z,2026-01-31,0.012227,0.011595,0.011911
2026-02-25T15:00:00Z,2026-02-25,2026-02-25T06:00:00Z,2026-02-24T18:00:00Z,2026-02-24T18:00:00Z,2026-01-31,0.013808,0.013045,0.013427
2026-02-25T16:00:00Z,2026-02-25,2026-02-25T06:00:00Z,2026-02-24T18:00:00Z,2026-02-24T18:00:00Z,2026-01-31,0.032707,0.030839,0.031773
2026-02-25T17:00:00Z,2026-02-25,2026-02-25T06:00:00Z,2026-02-24T18:00:00Z,2026-02-24T18:00:00Z,2026-01-31,0.124335,0.118492,0.121414
2026-02-25T18:00:00Z,2026-02-25,2026-02-25T06:00:00Z,2026-02-24T18:00:00Z,2026-02-24T18:00:00Z,2026-01-31,0.425983,0.413423,0.419703
2026-02-25T19:00:00Z,2026-02-25,2026-02-25T06:00:00Z,2026-02-24T18:00:00Z,2026-02-24T18:00:00Z,2026-01-31,0.497342,0.484539,0.490941
2026-02-25T20:00:00Z,2026-02-25,2026-02-25T06:00:00Z,2026-02-24T18:00:00Z,2026-02-24T18:00:00Z,2026-01-31,0.555423,0.542381,0.548902
2026-02-25T21:00:00Z,2026-02-25,2026-02-25T06:00:00Z,2026-02-24T18:00:00Z,2026-02-24T18:00:00Z,2026-01-31,0.563975,0.550867,0.557421
2026-02-25T22:00:00Z,2026-02-25,2026-02-25T06:00:00Z,2026-02-24T18:00:00Z,2026-02-24T18:00:00Z,2026-01-31,0.402906,0.390477,0.396691
2026-02-25T23:00:00Z,2026-02-25,2026-02-25T06:00:00Z,2026-02-24T18:00:00Z,2026-02-24T18:00:00Z,2026-01-31,0.27391,0.263395,0.268652
2026-02-26T00:00:00Z,2026-02-25,2026-02-25T06:00:00Z,2026-02-24T18:00:00Z,2026-02-24T18:00:00Z,2026-01-31,0.374557,0.362373,0.368465
2026-02-26T01:00:00Z,2026-02-25,2026-02-25T06:00:00Z,2026-02-24T18:00:00Z,2026-02-24T18:00:00Z,2026-01-31,0.285759,0.274989,0.280374
2026-02-26T02:00:00Z,2026-02-25,2026-02-25T06:00:00Z,2026-02-24T18:00:00Z,2026-02-24T18:00:00Z,2026-01-31,0.276543,0.265972,0.271257
2026-02-26T03:00:00Z,2026-02-25,2026-02-25T06:00:00Z,2026-02-24T18:00:00Z,2026-02-24T18:00:00Z,2026-01-31,0.228326,0.219042,0.223684
2026-02-26T04:00:00Z,2026-02-25,2026-02-25T06:00:00Z,2026-02-24T18:00:00Z,2026-02-24T18:00:00Z,2026-01-31,0.061907,0.058503,0.060205
2026-02-26T05:00:00Z,2026-02-25,2026-02-25T06:00:00Z,2026-02-24T18:00:00Z,2026-02-24T18:00:00Z,2026-01-31,0.030756,0.029004,0.02988
2026-02-26T06:00:00Z,2026-02-26,2026-02-26T06:00:00Z,2026-02-25T18:00:00Z,2026-02-25T18:00:00Z,2026-01-31,0.579369,0.566141,0.572755
2026-02-26T07:00:00Z,2026-02-26,2026-02-26T06:00:00Z,2026-02-25T18:00:00Z,2026-02-25T18:00:00Z,2026-01-31,0.791823,0.780491,0.786157
2026-02-26T08:00:00Z,2026-02-26,2026-02-26T06:00:00Z,2026-02-25T18:00:00Z,2026-02-25T18:00:00Z,2026-01-31,0.392137,0.379769,0.385953
2026-02-26T09:00:00Z,2026-02-26,2026-02-26T06:00:00Z,2026-02-25T18:00:00Z,2026-02-25T18:00:00Z,2026-01-31,0.285759,0.274989,0.280374
2026-02-26T10:00:00Z,2026-02-26,2026-02-26T06:00:00Z,2026-02-25T18:00:00Z,2026-02-25T18:00:00Z,2026-01-31,0.27391,0.263395,0.268652
2026-02-26T11:00:00Z,2026-02-26,2026-02-26T06:00:00Z,2026-02-25T18:00:00Z,2026-02-25T18:00:00Z,2026-01-31,0.624118,0.610493,0.617305
2026-02-26T12:00:00Z,2026-02-26,2026-02-26T06:00:00Z,2026-02-25T18:00:00Z,2026-02-25T18:00:00Z,2026-01-31,0.736093,0.722672,0.729383
2026-02-26T13:00:00Z,2026-02-26,2026-02-26T06:00:00Z,2026-02-25T18:00:00Z,2026-02-25T18:00:00Z,2026-01-31,0.62586,0.612216,0.619038
2026-02-26T14:00:00Z,2026-02-26,2026-02-26T06:00:00Z,2026-02-25T18:00:00Z,2026-02-25T18:00:00Z,2026-01-31,0.548581,0.535592,0.542086
2026-02-26T15:00:00Z,2026-02-26,2026-02-26T06:00:00Z,2026-02-25T18:00:00Z,2026-02-25T18:00:00Z,2026-01-31,0.798831,0.787881,0.793356
2026-02-26T16:00:00Z,2026-02-26,2026-02-26T06:00:00Z,2026-02-25T18:00:00Z,2026-02-25T18:00:00Z,2026-01-31,0.767992,0.755365,0.761678
2026-02-26T17:00:00Z,2026-02-26,2026-02-26T06:00:00Z,2026-02-25T18:00:00Z,2026-02-25T18:00:00Z,2026-01-31,0.709887,0.695962,0.702924
2026-02-26T18:00:00Z,2026-02-26,2026-02-26T06:00:00Z,2026-02-25T18:00:00Z,2026-02-25T18:00:00Z,2026-01-31,0.706611,0.692623,0.699617
2026-02-26T19:00:00Z,2026-02-26,2026-02-26T06:00:00Z,2026-02-25T18:00:00Z,2026-02-25T18:00:00Z,2026-01-31,0.814251,0.804139,0.809195
2026-02-26T20:00:00Z,2026-02-26,2026-02-26T06:00:00Z,2026-02-25T18:00:00Z,2026-02-25T18:00:00Z,2026-01-31,0.61366,0.600151,0.606905
2026-02-26T21:00:00Z,2026-02-26,2026-02-26T06:00:00Z,2026-02-25T18:00:00Z,2026-02-25T18:00:00Z,2026-01-31,0.646775,0.632899,0.639837
2026-02-26T22:00:00Z,2026-02-26,2026-02-26T06:00:00Z,2026-02-25T18:00:00Z,2026-02-25T18:00:00Z,2026-01-31,0.598184,0.58481,0.591497
2026-02-26T23:00:00Z,2026-02-26,2026-02-26T06:00:00Z,2026-02-25T18:00:00Z,2026-02-25T18:00:00Z,2026-01-31,0.463206,0.450458,0.456832
2026-02-27T00:00:00Z,2026-02-26,2026-02-26T06:00:00Z,2026-02-25T18:00:00Z,2026-02-25T18:00:00Z,2026-01-31,0.368792,0.356677,0.362735
2026-02-27T01:00:00Z,2026-02-26,2026-02-26T06:00:00Z,2026-02-25T18:00:00Z,2026-02-25T18:00:00Z,2026-01-31,0.365909,0.353829,0.359869
2026-02-27T02:00:00Z,2026-02-26,2026-02-26T06:00:00Z,2026-02-25T18:00:00Z,2026-02-25T18:00:00Z,2026-01-31,0.297607,0.286582,0.292095
2026-02-27T03:00:00Z,2026-02-26,2026-02-26T06:00:00Z,2026-02-25T18:00:00Z,2026-02-25T18:00:00Z,2026-01-31,0.160659,0.153492,0.157075
2026-02-27T04:00:00Z,2026-02-26,2026-02-26T06:00:00Z,2026-02-25T18:00:00Z,2026-02-25T18:00:00Z,2026-01-31,0.142497,0.135992,0.139244
2026-02-27T05:00:00Z,2026-02-26,2026-02-26T06:00:00Z,2026-02-25T18:00:00Z,2026-02-25T18:00:00Z,2026-01-31,0.094636,0.08994,0.092288
2026-02-27T06:00:00Z,2026-02-27,2026-02-27T06:00:00Z,2026-02-26T18:00:00Z,2026-02-26T18:00:00Z,2026-01-31,0.079913,0.075787,0.07785
2026-02-27T07:00:00Z,2026-02-27,2026-02-27T06:00:00Z,2026-02-26T18:00:00Z,2026-02-26T18:00:00Z,2026-01-31,0.098255,0.093419,0.095837
2026-02-27T08:00:00Z,2026-02-27,2026-02-27T06:00:00Z,2026-02-26T18:00:00Z,2026-02-26T18:00:00Z,2026-01-31,0.150281,0.143492,0.146887
2026-02-27T09:00:00Z,2026-02-27,2026-02-27T06:00:00Z,2026-02-26T18:00:00Z,2026-02-26T18:00:00Z,2026-01-31,0.235311,0.225826,0.230569
2026-02-27T10:00:00Z,2026-02-27,2026-02-27T06:00:00Z,2026-02-26T18:00:00Z,2026-02-26T18:00:00Z,2026-01-31,0.301557,0.290447,0.296002
2026-02-27T11:00:00Z,2026-02-27,2026-02-27T06:00:00Z,2026-02-26T18:00:00Z,2026-02-26T18:00:00Z,2026-01-31,0.338522,0.326772,0.332647
2026-02-27T12:00:00Z,2026-02-27,2026-02-27T06:00:00Z,2026-02-26T18:00:00Z,2026-02-26T18:00:00Z,2026-01-31,0.405983,0.393536,0.399759
2026-02-27T13:00:00Z,2026-02-27,2026-02-27T06:00:00Z,2026-02-26T18:00:00Z,2026-02-26T18:00:00Z,2026-01-31,0.482712,0.469933,0.476322
2026-02-27T14:00:00Z,2026-02-27,2026-02-27T06:00:00Z,2026-02-26T18:00:00Z,2026-02-26T18:00:00Z,2026-01-31,0.50872,0.4959,0.50231
2026-02-27T15:00:00Z,2026-02-27,2026-02-27T06:00:00Z,2026-02-26T18:00:00Z,2026-02-26T18:00:00Z,2026-01-31,0.442906,0.430249,0.436578
2026-02-27T16:00:00Z,2026-02-27,2026-02-27T06:00:00Z,2026-02-26T18:00:00Z,2026-02-26T18:00:00Z,2026-01-31,0.413675,0.401185,0.40743
2026-02-27T17:00:00Z,2026-02-27,2026-02-27T06:00:00Z,2026-02-26T18:00:00Z,2026-02-26T18:00:00Z,2026-01-31,0.40906,0.396596,0.402828
2026-02-27T18:00:00Z,2026-02-27,2026-02-27T06:00:00Z,2026-02-26T18:00:00Z,2026-02-26T18:00:00Z,2026-01-31,0.36735,0.355253,0.361301
2026-02-27T19:00:00Z,2026-02-27,2026-02-27T06:00:00Z,2026-02-26T18:00:00Z,2026-02-26T18:00:00Z,2026-01-31,0.331315,0.319651,0.325483
2026-02-27T20:00:00Z,2026-02-27,2026-02-27T06:00:00Z,2026-02-26T18:00:00Z,2026-02-26T18:00:00Z,2026-01-31,0.396752,0.384358,0.390555
2026-02-27T21:00:00Z,2026-02-27,2026-02-27T06:00:00Z,2026-02-26T18:00:00Z,2026-02-26T18:00:00Z,2026-01-31,0.331315,0.319651,0.325483
2026-02-27T22:00:00Z,2026-02-27,2026-02-27T06:00:00Z,2026-02-26T18:00:00Z,2026-02-26T18:00:00Z,2026-01-31,0.444444,0.431779,0.438111
2026-02-27T23:00:00Z,2026-02-27,2026-02-27T06:00:00Z,2026-02-26T18:00:00Z,2026-02-26T18:00:00Z,2026-01-31,0.459955,0.447212,0.453584
2026-02-28T00:00:00Z,2026-02-27,2026-02-27T06:00:00Z,2026-02-26T18:00:00Z,2026-02-26T18:00:00Z,2026-01-31,0.384647,0.372341,0.378494
2026-02-28T01:00:00Z,2026-02-27,2026-02-27T06:00:00Z,2026-02-26T18:00:00Z,2026-02-26T18:00:00Z,2026-01-31,0.373116,0.360949,0.367032
2026-02-28T02:00:00Z,2026-02-27,2026-02-27T06:00:00Z,2026-02-26T18:00:00Z,2026-02-26T18:00:00Z,2026-01-31,0.516848,0.504015,0.510431
2026-02-28T03:00:00Z,2026-02-27,2026-02-27T06:00:00Z,2026-02-26T18:00:00Z,2026-02-26T18:00:00Z,2026-01-31,0.479461,0.466687,0.473074
2026-02-28T04:00:00Z,2026-02-27,2026-02-27T06:00:00Z,2026-02-26T18:00:00Z,2026-02-26T18:00:00Z,2026-01-31,0.511971,0.499146,0.505559
2026-02-28T05:00:00Z,2026-02-27,2026-02-27T06:00:00Z,2026-02-26T18:00:00Z,2026-02-26T18:00:00Z,2026-01-31,0.557134,0.544078,0.550606
2026-02-28T06:00:00Z,2026-02-28,2026-02-28T06:00:00Z,2026-02-27T18:00:00Z,2026-02-27T18:00:00Z,2026-01-31,0.615403,0.601875,0.608639
2026-02-28T07:00:00Z,2026-02-28,2026-02-28T06:00:00Z,2026-02-27T18:00:00Z,2026-02-27T18:00:00Z,2026-01-31,0.54516,0.532198,0.538679
2026-02-28T08:00:00Z,2026-02-28,2026-02-28T06:00:00Z,2026-02-27T18:00:00Z,2026-02-27T18:00:00Z,2026-01-31,0.50872,0.4959,0.50231
2026-02-28T09:00:00Z,2026-02-28,2026-02-28T06:00:00Z,2026-02-27T18:00:00Z,2026-02-27T18:00:00Z,2026-01-31,0.43829,0.42566,0.431975
2026-02-28T10:00:00Z,2026-02-28,2026-02-28T06:00:00Z,2026-02-27T18:00:00Z,2026-02-27T18:00:00Z,2026-01-31,0.40906,0.396596,0.402828
2026-02-28T11:00:00Z,2026-02-28,2026-02-28T06:00:00Z,2026-02-27T18:00:00Z,2026-02-27T18:00:00Z,2026-01-31,0.469708,0.456949,0.463329
2026-02-28T12:00:00Z,2026-02-28,2026-02-28T06:00:00Z,2026-02-27T18:00:00Z,2026-02-27T18:00:00Z,2026-01-31,0.370233,0.358101,0.364167
2026-02-28T13:00:00Z,2026-02-28,2026-02-28T06:00:00Z,2026-02-27T18:00:00Z,2026-02-27T18:00:00Z,2026-01-31,0.328432,0.316803,0.322618
2026-02-28T14:00:00Z,2026-02-28,2026-02-28T06:00:00Z,2026-02-27T18:00:00Z,2026-02-27T18:00:00Z,2026-01-31,0.306823,0.295599,0.301211
2026-02-28T15:00:00Z,2026-02-28,2026-02-28T06:00:00Z,2026-02-27T18:00:00Z,2026-02-27T18:00:00Z,2026-01-31,0.17331,0.165726,0.169518
2026-02-28T16:00:00Z,2026-02-28,2026-02-28T06:00:00Z,2026-02-27T18:00:00Z,2026-02-27T18:00:00Z,2026-01-31,0.114177,0.108726,0.111452
2026-02-28T17:00:00Z,2026-02-28,2026-02-28T06:00:00Z,2026-02-27T18:00:00Z,2026-02-27T18:00:00Z,2026-01-31,0.087545,0.083123,0.085334
2026-02-28T18:00:00Z,2026-02-28,2026-02-28T06:00:00Z,2026-02-27T18:00:00Z,2026-02-27T18:00:00Z,2026-01-31,0.072281,0.06845,0.070365
2026-02-28T19:00:00Z,2026-02-28,2026-02-28T06:00:00Z,2026-02-27T18:00:00Z,2026-02-27T18:00:00Z,2026-01-31,0.040834,0.038483,0.039658
2026-02-28T20:00:00Z,2026-02-28,2026-02-28T06:00:00Z,2026-02-27T18:00:00Z,2026-02-27T18:00:00Z,2026-01-31,0.034658,0.032673,0.033666
2026-02-28T21:00:00Z,2026-02-28,2026-02-28T06:00:00Z,2026-02-27T18:00:00Z,2026-02-27T18:00:00Z,2026-01-31,0.02872,0.027087,0.027903
2026-02-28T22:00:00Z,2026-02-28,2026-02-28T06:00:00Z,2026-02-27T18:00:00Z,2026-02-27T18:00:00Z,2026-01-31,0.030106,0.028392,0.029249
2026-02-28T23:00:00Z,2026-02-28,2026-02-28T06:00:00Z,2026-02-27T18:00:00Z,2026-02-27T18:00:00Z,2026-01-31,0.023783,0.022434,0.023108
